-- TelcoSuite V002 TMF core refinement for Developer And API Portal
-- Target database: ts_digital_partner_ecosystem
-- App schema: developer_api_portal
-- Generated from: planning/suite-details/tmf-api-ddl-reviews/developer-api-portal.md
-- Reviewed: 2026-06-14

CREATE EXTENSION IF NOT EXISTS pgcrypto;

BEGIN;

COMMENT ON SCHEMA developer_api_portal IS 'App-owned schema for Developer And API Portal; V002 TMF baseline review complete on 2026-06-14.';

-- Promote common TMF resource fields on developer_api_portal.developer_organization.
ALTER TABLE developer_api_portal.developer_organization
    ADD COLUMN IF NOT EXISTS tmf_id text,
    ADD COLUMN IF NOT EXISTS tmf_href text,
    ADD COLUMN IF NOT EXISTS tmf_type text,
    ADD COLUMN IF NOT EXISTS tmf_base_type text,
    ADD COLUMN IF NOT EXISTS tmf_schema_location text,
    ADD COLUMN IF NOT EXISTS tmf_referred_type text,
    ADD COLUMN IF NOT EXISTS tmf_name text,
    ADD COLUMN IF NOT EXISTS tmf_description text,
    ADD COLUMN IF NOT EXISTS tmf_category text,
    ADD COLUMN IF NOT EXISTS tmf_lifecycle_status text,
    ADD COLUMN IF NOT EXISTS tmf_state text,
    ADD COLUMN IF NOT EXISTS tmf_status_reason text,
    ADD COLUMN IF NOT EXISTS tmf_priority text,
    ADD COLUMN IF NOT EXISTS tmf_last_update timestamptz,
    ADD COLUMN IF NOT EXISTS tmf_start_date timestamptz,
    ADD COLUMN IF NOT EXISTS tmf_end_date timestamptz,
    ADD COLUMN IF NOT EXISTS tmf_requested_start_date timestamptz,
    ADD COLUMN IF NOT EXISTS tmf_requested_completion_date timestamptz,
    ADD COLUMN IF NOT EXISTS tmf_expected_completion_date timestamptz,
    ADD COLUMN IF NOT EXISTS tmf_completion_date timestamptz,
    ADD COLUMN IF NOT EXISTS tmf_external_id text;
CREATE INDEX IF NOT EXISTS ix_developer_organization_tmf_id ON developer_api_portal.developer_organization (tmf_id) WHERE tmf_id IS NOT NULL;
CREATE INDEX IF NOT EXISTS ix_developer_organization_tmf_href ON developer_api_portal.developer_organization (tmf_href) WHERE tmf_href IS NOT NULL;
CREATE INDEX IF NOT EXISTS ix_developer_organization_tmf_state ON developer_api_portal.developer_organization (tenant_id, tmf_state) WHERE tmf_state IS NOT NULL;
COMMENT ON COLUMN developer_api_portal.developer_organization.tmf_payload IS 'Full validated TMF resource payload retained for fields not promoted to typed columns.';
COMMENT ON COLUMN developer_api_portal.developer_organization.tmf_id IS 'TMF resource id from the selected local TMF API baseline when different from canonical_id.';

-- Promote common TMF resource fields on developer_api_portal.developer_application.
ALTER TABLE developer_api_portal.developer_application
    ADD COLUMN IF NOT EXISTS tmf_id text,
    ADD COLUMN IF NOT EXISTS tmf_href text,
    ADD COLUMN IF NOT EXISTS tmf_type text,
    ADD COLUMN IF NOT EXISTS tmf_base_type text,
    ADD COLUMN IF NOT EXISTS tmf_schema_location text,
    ADD COLUMN IF NOT EXISTS tmf_referred_type text,
    ADD COLUMN IF NOT EXISTS tmf_name text,
    ADD COLUMN IF NOT EXISTS tmf_description text,
    ADD COLUMN IF NOT EXISTS tmf_category text,
    ADD COLUMN IF NOT EXISTS tmf_lifecycle_status text,
    ADD COLUMN IF NOT EXISTS tmf_state text,
    ADD COLUMN IF NOT EXISTS tmf_status_reason text,
    ADD COLUMN IF NOT EXISTS tmf_priority text,
    ADD COLUMN IF NOT EXISTS tmf_last_update timestamptz,
    ADD COLUMN IF NOT EXISTS tmf_start_date timestamptz,
    ADD COLUMN IF NOT EXISTS tmf_end_date timestamptz,
    ADD COLUMN IF NOT EXISTS tmf_requested_start_date timestamptz,
    ADD COLUMN IF NOT EXISTS tmf_requested_completion_date timestamptz,
    ADD COLUMN IF NOT EXISTS tmf_expected_completion_date timestamptz,
    ADD COLUMN IF NOT EXISTS tmf_completion_date timestamptz,
    ADD COLUMN IF NOT EXISTS tmf_external_id text;
CREATE INDEX IF NOT EXISTS ix_developer_application_tmf_id ON developer_api_portal.developer_application (tmf_id) WHERE tmf_id IS NOT NULL;
CREATE INDEX IF NOT EXISTS ix_developer_application_tmf_href ON developer_api_portal.developer_application (tmf_href) WHERE tmf_href IS NOT NULL;
CREATE INDEX IF NOT EXISTS ix_developer_application_tmf_state ON developer_api_portal.developer_application (tenant_id, tmf_state) WHERE tmf_state IS NOT NULL;
COMMENT ON COLUMN developer_api_portal.developer_application.tmf_payload IS 'Full validated TMF resource payload retained for fields not promoted to typed columns.';
COMMENT ON COLUMN developer_api_portal.developer_application.tmf_id IS 'TMF resource id from the selected local TMF API baseline when different from canonical_id.';

-- Promote common TMF resource fields on developer_api_portal.api_product_publication_metadata.
ALTER TABLE developer_api_portal.api_product_publication_metadata
    ADD COLUMN IF NOT EXISTS tmf_id text,
    ADD COLUMN IF NOT EXISTS tmf_href text,
    ADD COLUMN IF NOT EXISTS tmf_type text,
    ADD COLUMN IF NOT EXISTS tmf_base_type text,
    ADD COLUMN IF NOT EXISTS tmf_schema_location text,
    ADD COLUMN IF NOT EXISTS tmf_referred_type text,
    ADD COLUMN IF NOT EXISTS tmf_name text,
    ADD COLUMN IF NOT EXISTS tmf_description text,
    ADD COLUMN IF NOT EXISTS tmf_category text,
    ADD COLUMN IF NOT EXISTS tmf_lifecycle_status text,
    ADD COLUMN IF NOT EXISTS tmf_state text,
    ADD COLUMN IF NOT EXISTS tmf_status_reason text,
    ADD COLUMN IF NOT EXISTS tmf_priority text,
    ADD COLUMN IF NOT EXISTS tmf_last_update timestamptz,
    ADD COLUMN IF NOT EXISTS tmf_start_date timestamptz,
    ADD COLUMN IF NOT EXISTS tmf_end_date timestamptz,
    ADD COLUMN IF NOT EXISTS tmf_requested_start_date timestamptz,
    ADD COLUMN IF NOT EXISTS tmf_requested_completion_date timestamptz,
    ADD COLUMN IF NOT EXISTS tmf_expected_completion_date timestamptz,
    ADD COLUMN IF NOT EXISTS tmf_completion_date timestamptz,
    ADD COLUMN IF NOT EXISTS tmf_external_id text;
CREATE INDEX IF NOT EXISTS ix_api_product_publication_metadata_tmf_id ON developer_api_portal.api_product_publication_metadata (tmf_id) WHERE tmf_id IS NOT NULL;
CREATE INDEX IF NOT EXISTS ix_api_product_publication_metadata_tmf_href ON developer_api_portal.api_product_publication_metadata (tmf_href) WHERE tmf_href IS NOT NULL;
CREATE INDEX IF NOT EXISTS ix_api_product_publication_metadata_tmf_state ON developer_api_portal.api_product_publication_metadata (tenant_id, tmf_state) WHERE tmf_state IS NOT NULL;
COMMENT ON COLUMN developer_api_portal.api_product_publication_metadata.tmf_payload IS 'Full validated TMF resource payload retained for fields not promoted to typed columns.';
COMMENT ON COLUMN developer_api_portal.api_product_publication_metadata.tmf_id IS 'TMF resource id from the selected local TMF API baseline when different from canonical_id.';

-- Promote common TMF resource fields on developer_api_portal.api_subscription.
ALTER TABLE developer_api_portal.api_subscription
    ADD COLUMN IF NOT EXISTS tmf_id text,
    ADD COLUMN IF NOT EXISTS tmf_href text,
    ADD COLUMN IF NOT EXISTS tmf_type text,
    ADD COLUMN IF NOT EXISTS tmf_base_type text,
    ADD COLUMN IF NOT EXISTS tmf_schema_location text,
    ADD COLUMN IF NOT EXISTS tmf_referred_type text,
    ADD COLUMN IF NOT EXISTS tmf_name text,
    ADD COLUMN IF NOT EXISTS tmf_description text,
    ADD COLUMN IF NOT EXISTS tmf_category text,
    ADD COLUMN IF NOT EXISTS tmf_lifecycle_status text,
    ADD COLUMN IF NOT EXISTS tmf_state text,
    ADD COLUMN IF NOT EXISTS tmf_status_reason text,
    ADD COLUMN IF NOT EXISTS tmf_priority text,
    ADD COLUMN IF NOT EXISTS tmf_last_update timestamptz,
    ADD COLUMN IF NOT EXISTS tmf_start_date timestamptz,
    ADD COLUMN IF NOT EXISTS tmf_end_date timestamptz,
    ADD COLUMN IF NOT EXISTS tmf_requested_start_date timestamptz,
    ADD COLUMN IF NOT EXISTS tmf_requested_completion_date timestamptz,
    ADD COLUMN IF NOT EXISTS tmf_expected_completion_date timestamptz,
    ADD COLUMN IF NOT EXISTS tmf_completion_date timestamptz,
    ADD COLUMN IF NOT EXISTS tmf_external_id text;
CREATE INDEX IF NOT EXISTS ix_api_subscription_tmf_id ON developer_api_portal.api_subscription (tmf_id) WHERE tmf_id IS NOT NULL;
CREATE INDEX IF NOT EXISTS ix_api_subscription_tmf_href ON developer_api_portal.api_subscription (tmf_href) WHERE tmf_href IS NOT NULL;
CREATE INDEX IF NOT EXISTS ix_api_subscription_tmf_state ON developer_api_portal.api_subscription (tenant_id, tmf_state) WHERE tmf_state IS NOT NULL;
COMMENT ON COLUMN developer_api_portal.api_subscription.tmf_payload IS 'Full validated TMF resource payload retained for fields not promoted to typed columns.';
COMMENT ON COLUMN developer_api_portal.api_subscription.tmf_id IS 'TMF resource id from the selected local TMF API baseline when different from canonical_id.';

-- Promote common TMF resource fields on developer_api_portal.credential_request_reference.
ALTER TABLE developer_api_portal.credential_request_reference
    ADD COLUMN IF NOT EXISTS tmf_id text,
    ADD COLUMN IF NOT EXISTS tmf_href text,
    ADD COLUMN IF NOT EXISTS tmf_type text,
    ADD COLUMN IF NOT EXISTS tmf_base_type text,
    ADD COLUMN IF NOT EXISTS tmf_schema_location text,
    ADD COLUMN IF NOT EXISTS tmf_referred_type text,
    ADD COLUMN IF NOT EXISTS tmf_name text,
    ADD COLUMN IF NOT EXISTS tmf_description text,
    ADD COLUMN IF NOT EXISTS tmf_category text,
    ADD COLUMN IF NOT EXISTS tmf_lifecycle_status text,
    ADD COLUMN IF NOT EXISTS tmf_state text,
    ADD COLUMN IF NOT EXISTS tmf_status_reason text,
    ADD COLUMN IF NOT EXISTS tmf_priority text,
    ADD COLUMN IF NOT EXISTS tmf_last_update timestamptz,
    ADD COLUMN IF NOT EXISTS tmf_start_date timestamptz,
    ADD COLUMN IF NOT EXISTS tmf_end_date timestamptz,
    ADD COLUMN IF NOT EXISTS tmf_requested_start_date timestamptz,
    ADD COLUMN IF NOT EXISTS tmf_requested_completion_date timestamptz,
    ADD COLUMN IF NOT EXISTS tmf_expected_completion_date timestamptz,
    ADD COLUMN IF NOT EXISTS tmf_completion_date timestamptz,
    ADD COLUMN IF NOT EXISTS tmf_external_id text;
CREATE INDEX IF NOT EXISTS ix_credential_request_reference_tmf_id ON developer_api_portal.credential_request_reference (tmf_id) WHERE tmf_id IS NOT NULL;
CREATE INDEX IF NOT EXISTS ix_credential_request_reference_tmf_href ON developer_api_portal.credential_request_reference (tmf_href) WHERE tmf_href IS NOT NULL;
CREATE INDEX IF NOT EXISTS ix_credential_request_reference_tmf_state ON developer_api_portal.credential_request_reference (tenant_id, tmf_state) WHERE tmf_state IS NOT NULL;
COMMENT ON COLUMN developer_api_portal.credential_request_reference.tmf_payload IS 'Full validated TMF resource payload retained for fields not promoted to typed columns.';
COMMENT ON COLUMN developer_api_portal.credential_request_reference.tmf_id IS 'TMF resource id from the selected local TMF API baseline when different from canonical_id.';

-- Promote common TMF resource fields on developer_api_portal.sandbox_mock_scenario.
ALTER TABLE developer_api_portal.sandbox_mock_scenario
    ADD COLUMN IF NOT EXISTS tmf_id text,
    ADD COLUMN IF NOT EXISTS tmf_href text,
    ADD COLUMN IF NOT EXISTS tmf_type text,
    ADD COLUMN IF NOT EXISTS tmf_base_type text,
    ADD COLUMN IF NOT EXISTS tmf_schema_location text,
    ADD COLUMN IF NOT EXISTS tmf_referred_type text,
    ADD COLUMN IF NOT EXISTS tmf_name text,
    ADD COLUMN IF NOT EXISTS tmf_description text,
    ADD COLUMN IF NOT EXISTS tmf_category text,
    ADD COLUMN IF NOT EXISTS tmf_lifecycle_status text,
    ADD COLUMN IF NOT EXISTS tmf_state text,
    ADD COLUMN IF NOT EXISTS tmf_status_reason text,
    ADD COLUMN IF NOT EXISTS tmf_priority text,
    ADD COLUMN IF NOT EXISTS tmf_last_update timestamptz,
    ADD COLUMN IF NOT EXISTS tmf_start_date timestamptz,
    ADD COLUMN IF NOT EXISTS tmf_end_date timestamptz,
    ADD COLUMN IF NOT EXISTS tmf_requested_start_date timestamptz,
    ADD COLUMN IF NOT EXISTS tmf_requested_completion_date timestamptz,
    ADD COLUMN IF NOT EXISTS tmf_expected_completion_date timestamptz,
    ADD COLUMN IF NOT EXISTS tmf_completion_date timestamptz,
    ADD COLUMN IF NOT EXISTS tmf_external_id text;
CREATE INDEX IF NOT EXISTS ix_sandbox_mock_scenario_tmf_id ON developer_api_portal.sandbox_mock_scenario (tmf_id) WHERE tmf_id IS NOT NULL;
CREATE INDEX IF NOT EXISTS ix_sandbox_mock_scenario_tmf_href ON developer_api_portal.sandbox_mock_scenario (tmf_href) WHERE tmf_href IS NOT NULL;
CREATE INDEX IF NOT EXISTS ix_sandbox_mock_scenario_tmf_state ON developer_api_portal.sandbox_mock_scenario (tenant_id, tmf_state) WHERE tmf_state IS NOT NULL;
COMMENT ON COLUMN developer_api_portal.sandbox_mock_scenario.tmf_payload IS 'Full validated TMF resource payload retained for fields not promoted to typed columns.';
COMMENT ON COLUMN developer_api_portal.sandbox_mock_scenario.tmf_id IS 'TMF resource id from the selected local TMF API baseline when different from canonical_id.';

-- Promote common TMF resource fields on developer_api_portal.portal_api_analytics_summary.
ALTER TABLE developer_api_portal.portal_api_analytics_summary
    ADD COLUMN IF NOT EXISTS tmf_id text,
    ADD COLUMN IF NOT EXISTS tmf_href text,
    ADD COLUMN IF NOT EXISTS tmf_type text,
    ADD COLUMN IF NOT EXISTS tmf_base_type text,
    ADD COLUMN IF NOT EXISTS tmf_schema_location text,
    ADD COLUMN IF NOT EXISTS tmf_referred_type text,
    ADD COLUMN IF NOT EXISTS tmf_name text,
    ADD COLUMN IF NOT EXISTS tmf_description text,
    ADD COLUMN IF NOT EXISTS tmf_category text,
    ADD COLUMN IF NOT EXISTS tmf_lifecycle_status text,
    ADD COLUMN IF NOT EXISTS tmf_state text,
    ADD COLUMN IF NOT EXISTS tmf_status_reason text,
    ADD COLUMN IF NOT EXISTS tmf_priority text,
    ADD COLUMN IF NOT EXISTS tmf_last_update timestamptz,
    ADD COLUMN IF NOT EXISTS tmf_start_date timestamptz,
    ADD COLUMN IF NOT EXISTS tmf_end_date timestamptz,
    ADD COLUMN IF NOT EXISTS tmf_requested_start_date timestamptz,
    ADD COLUMN IF NOT EXISTS tmf_requested_completion_date timestamptz,
    ADD COLUMN IF NOT EXISTS tmf_expected_completion_date timestamptz,
    ADD COLUMN IF NOT EXISTS tmf_completion_date timestamptz,
    ADD COLUMN IF NOT EXISTS tmf_external_id text;
CREATE INDEX IF NOT EXISTS ix_portal_api_analytics_summary_tmf_id ON developer_api_portal.portal_api_analytics_summary (tmf_id) WHERE tmf_id IS NOT NULL;
CREATE INDEX IF NOT EXISTS ix_portal_api_analytics_summary_tmf_href ON developer_api_portal.portal_api_analytics_summary (tmf_href) WHERE tmf_href IS NOT NULL;
CREATE INDEX IF NOT EXISTS ix_portal_api_analytics_summary_tmf_state ON developer_api_portal.portal_api_analytics_summary (tenant_id, tmf_state) WHERE tmf_state IS NOT NULL;
COMMENT ON COLUMN developer_api_portal.portal_api_analytics_summary.tmf_payload IS 'Full validated TMF resource payload retained for fields not promoted to typed columns.';
COMMENT ON COLUMN developer_api_portal.portal_api_analytics_summary.tmf_id IS 'TMF resource id from the selected local TMF API baseline when different from canonical_id.';

-- Promote common TMF resource fields on developer_api_portal.certification_state.
ALTER TABLE developer_api_portal.certification_state
    ADD COLUMN IF NOT EXISTS tmf_id text,
    ADD COLUMN IF NOT EXISTS tmf_href text,
    ADD COLUMN IF NOT EXISTS tmf_type text,
    ADD COLUMN IF NOT EXISTS tmf_base_type text,
    ADD COLUMN IF NOT EXISTS tmf_schema_location text,
    ADD COLUMN IF NOT EXISTS tmf_referred_type text,
    ADD COLUMN IF NOT EXISTS tmf_name text,
    ADD COLUMN IF NOT EXISTS tmf_description text,
    ADD COLUMN IF NOT EXISTS tmf_category text,
    ADD COLUMN IF NOT EXISTS tmf_lifecycle_status text,
    ADD COLUMN IF NOT EXISTS tmf_state text,
    ADD COLUMN IF NOT EXISTS tmf_status_reason text,
    ADD COLUMN IF NOT EXISTS tmf_priority text,
    ADD COLUMN IF NOT EXISTS tmf_last_update timestamptz,
    ADD COLUMN IF NOT EXISTS tmf_start_date timestamptz,
    ADD COLUMN IF NOT EXISTS tmf_end_date timestamptz,
    ADD COLUMN IF NOT EXISTS tmf_requested_start_date timestamptz,
    ADD COLUMN IF NOT EXISTS tmf_requested_completion_date timestamptz,
    ADD COLUMN IF NOT EXISTS tmf_expected_completion_date timestamptz,
    ADD COLUMN IF NOT EXISTS tmf_completion_date timestamptz,
    ADD COLUMN IF NOT EXISTS tmf_external_id text;
CREATE INDEX IF NOT EXISTS ix_certification_state_tmf_id ON developer_api_portal.certification_state (tmf_id) WHERE tmf_id IS NOT NULL;
CREATE INDEX IF NOT EXISTS ix_certification_state_tmf_href ON developer_api_portal.certification_state (tmf_href) WHERE tmf_href IS NOT NULL;
CREATE INDEX IF NOT EXISTS ix_certification_state_tmf_state ON developer_api_portal.certification_state (tenant_id, tmf_state) WHERE tmf_state IS NOT NULL;
COMMENT ON COLUMN developer_api_portal.certification_state.tmf_payload IS 'Full validated TMF resource payload retained for fields not promoted to typed columns.';
COMMENT ON COLUMN developer_api_portal.certification_state.tmf_id IS 'TMF resource id from the selected local TMF API baseline when different from canonical_id.';

-- Promote common TMF resource fields on developer_api_portal.event_outbox.
ALTER TABLE developer_api_portal.event_outbox
    ADD COLUMN IF NOT EXISTS tmf_id text,
    ADD COLUMN IF NOT EXISTS tmf_href text,
    ADD COLUMN IF NOT EXISTS tmf_type text,
    ADD COLUMN IF NOT EXISTS tmf_base_type text,
    ADD COLUMN IF NOT EXISTS tmf_schema_location text,
    ADD COLUMN IF NOT EXISTS tmf_referred_type text,
    ADD COLUMN IF NOT EXISTS tmf_name text,
    ADD COLUMN IF NOT EXISTS tmf_description text,
    ADD COLUMN IF NOT EXISTS tmf_category text,
    ADD COLUMN IF NOT EXISTS tmf_lifecycle_status text,
    ADD COLUMN IF NOT EXISTS tmf_state text,
    ADD COLUMN IF NOT EXISTS tmf_status_reason text,
    ADD COLUMN IF NOT EXISTS tmf_priority text,
    ADD COLUMN IF NOT EXISTS tmf_last_update timestamptz,
    ADD COLUMN IF NOT EXISTS tmf_start_date timestamptz,
    ADD COLUMN IF NOT EXISTS tmf_end_date timestamptz,
    ADD COLUMN IF NOT EXISTS tmf_requested_start_date timestamptz,
    ADD COLUMN IF NOT EXISTS tmf_requested_completion_date timestamptz,
    ADD COLUMN IF NOT EXISTS tmf_expected_completion_date timestamptz,
    ADD COLUMN IF NOT EXISTS tmf_completion_date timestamptz,
    ADD COLUMN IF NOT EXISTS tmf_external_id text;
CREATE INDEX IF NOT EXISTS ix_event_outbox_tmf_id ON developer_api_portal.event_outbox (tmf_id) WHERE tmf_id IS NOT NULL;
CREATE INDEX IF NOT EXISTS ix_event_outbox_tmf_href ON developer_api_portal.event_outbox (tmf_href) WHERE tmf_href IS NOT NULL;
CREATE INDEX IF NOT EXISTS ix_event_outbox_tmf_state ON developer_api_portal.event_outbox (tenant_id, tmf_state) WHERE tmf_state IS NOT NULL;
COMMENT ON COLUMN developer_api_portal.event_outbox.tmf_payload IS 'Full validated TMF resource payload retained for fields not promoted to typed columns.';
COMMENT ON COLUMN developer_api_portal.event_outbox.tmf_id IS 'TMF resource id from the selected local TMF API baseline when different from canonical_id.';

CREATE TABLE IF NOT EXISTS developer_api_portal.tmf_api_resource_map (
    id uuid PRIMARY KEY DEFAULT gen_random_uuid(),
    tmf_api text NOT NULL,
    tmf_resource text NOT NULL,
    resource_path text,
    anchor_table text NOT NULL,
    ownership_role text NOT NULL DEFAULT 'master_or_projection',
    field_strategy text NOT NULL,
    local_spec_path text,
    promoted_fields jsonb NOT NULL DEFAULT '[]'::jsonb,
    payload_required boolean NOT NULL DEFAULT true,
    contract_test_required boolean NOT NULL DEFAULT true,
    created_at timestamptz NOT NULL DEFAULT now(),
    updated_at timestamptz NOT NULL DEFAULT now(),
    CONSTRAINT uk_tmf_api_resource_map UNIQUE (tmf_api, tmf_resource, anchor_table)
);

CREATE TABLE IF NOT EXISTS developer_api_portal.tmf_resource_reference (
    id uuid PRIMARY KEY DEFAULT gen_random_uuid(),
    tenant_id text NOT NULL DEFAULT 'default',
    source_table text NOT NULL,
    source_record_id uuid,
    source_canonical_id text,
    reference_role text NOT NULL,
    referenced_api text,
    referenced_resource text,
    referenced_id text,
    referenced_href text,
    referenced_name text,
    referred_type text,
    reference_payload jsonb NOT NULL DEFAULT '{}'::jsonb,
    valid_from timestamptz,
    valid_to timestamptz,
    created_at timestamptz NOT NULL DEFAULT now(),
    created_by text,
    CONSTRAINT ck_tmf_resource_reference_validity CHECK (valid_to IS NULL OR valid_from IS NULL OR valid_to >= valid_from)
);

CREATE TABLE IF NOT EXISTS developer_api_portal.tmf_characteristic (
    id uuid PRIMARY KEY DEFAULT gen_random_uuid(),
    tenant_id text NOT NULL DEFAULT 'default',
    source_table text NOT NULL,
    source_record_id uuid,
    source_canonical_id text,
    characteristic_name text NOT NULL,
    value_type text,
    characteristic_value jsonb NOT NULL DEFAULT '{}'::jsonb,
    value_from timestamptz,
    value_to timestamptz,
    created_at timestamptz NOT NULL DEFAULT now(),
    created_by text,
    CONSTRAINT ck_tmf_characteristic_validity CHECK (value_to IS NULL OR value_from IS NULL OR value_to >= value_from)
);

CREATE TABLE IF NOT EXISTS developer_api_portal.tmf_external_identifier (
    id uuid PRIMARY KEY DEFAULT gen_random_uuid(),
    tenant_id text NOT NULL DEFAULT 'default',
    source_table text NOT NULL,
    source_record_id uuid,
    source_canonical_id text,
    owner text,
    external_identifier_type text,
    external_identifier_id text NOT NULL,
    external_href text,
    created_at timestamptz NOT NULL DEFAULT now(),
    CONSTRAINT uk_tmf_external_identifier UNIQUE (tenant_id, source_table, external_identifier_id)
);

CREATE TABLE IF NOT EXISTS developer_api_portal.tmf_related_party (
    id uuid PRIMARY KEY DEFAULT gen_random_uuid(),
    tenant_id text NOT NULL DEFAULT 'default',
    source_table text NOT NULL,
    source_record_id uuid,
    source_canonical_id text,
    party_id text,
    party_href text,
    party_name text,
    party_role text,
    party_referred_type text,
    related_party_payload jsonb NOT NULL DEFAULT '{}'::jsonb,
    created_at timestamptz NOT NULL DEFAULT now()
);

CREATE TABLE IF NOT EXISTS developer_api_portal.tmf_note (
    id uuid PRIMARY KEY DEFAULT gen_random_uuid(),
    tenant_id text NOT NULL DEFAULT 'default',
    source_table text NOT NULL,
    source_record_id uuid,
    source_canonical_id text,
    note_author text,
    note_date timestamptz,
    note_text text NOT NULL,
    note_payload jsonb NOT NULL DEFAULT '{}'::jsonb,
    created_at timestamptz NOT NULL DEFAULT now()
);

CREATE TABLE IF NOT EXISTS developer_api_portal.tmf_attachment (
    id uuid PRIMARY KEY DEFAULT gen_random_uuid(),
    tenant_id text NOT NULL DEFAULT 'default',
    source_table text NOT NULL,
    source_record_id uuid,
    source_canonical_id text,
    attachment_id text,
    attachment_href text,
    attachment_name text,
    attachment_type text,
    mime_type text,
    content_url text,
    size_amount numeric,
    size_units text,
    attachment_payload jsonb NOT NULL DEFAULT '{}'::jsonb,
    created_at timestamptz NOT NULL DEFAULT now()
);

CREATE TABLE IF NOT EXISTS developer_api_portal.tmf_relationship (
    id uuid PRIMARY KEY DEFAULT gen_random_uuid(),
    tenant_id text NOT NULL DEFAULT 'default',
    source_table text NOT NULL,
    source_record_id uuid,
    source_canonical_id text,
    relationship_type text NOT NULL,
    target_table text,
    target_record_id uuid,
    target_canonical_id text,
    target_api text,
    target_resource text,
    target_href text,
    relationship_payload jsonb NOT NULL DEFAULT '{}'::jsonb,
    valid_from timestamptz,
    valid_to timestamptz,
    created_at timestamptz NOT NULL DEFAULT now(),
    CONSTRAINT ck_tmf_relationship_validity CHECK (valid_to IS NULL OR valid_from IS NULL OR valid_to >= valid_from)
);

CREATE TABLE IF NOT EXISTS developer_api_portal.event_contract (
    id uuid PRIMARY KEY DEFAULT gen_random_uuid(),
    event_name text NOT NULL,
    event_version text NOT NULL DEFAULT 'v1',
    tmf_api text,
    tmf_resource text,
    source_table text NOT NULL,
    event_type text NOT NULL,
    event_key_strategy text NOT NULL,
    payload_basis text NOT NULL,
    outbox_table text NOT NULL DEFAULT 'developer_api_portal.event_outbox',
    retention_class text NOT NULL DEFAULT 'event_replay_90d',
    masking_policy text NOT NULL DEFAULT 'Apply source table masking policy before external publication',
    consumer_notes text,
    is_active boolean NOT NULL DEFAULT true,
    created_at timestamptz NOT NULL DEFAULT now(),
    updated_at timestamptz NOT NULL DEFAULT now(),
    CONSTRAINT uk_event_contract UNIQUE (event_name, event_version)
);

CREATE TABLE IF NOT EXISTS developer_api_portal.privacy_retention_policy (
    id uuid PRIMARY KEY DEFAULT gen_random_uuid(),
    table_name text NOT NULL,
    data_domain text NOT NULL,
    data_classification text NOT NULL,
    retention_class text NOT NULL,
    retention_basis text NOT NULL,
    default_retention_days integer,
    legal_hold_supported boolean NOT NULL DEFAULT true,
    residency_rule text,
    masking_policy text NOT NULL,
    audit_level text NOT NULL DEFAULT 'standard',
    created_at timestamptz NOT NULL DEFAULT now(),
    updated_at timestamptz NOT NULL DEFAULT now(),
    CONSTRAINT uk_privacy_retention_policy UNIQUE (table_name)
);

CREATE INDEX IF NOT EXISTS ix_tmf_api_resource_map_lookup ON developer_api_portal.tmf_api_resource_map (tmf_api, tmf_resource);
CREATE INDEX IF NOT EXISTS ix_tmf_resource_reference_lookup ON developer_api_portal.tmf_resource_reference (tenant_id, source_table, source_canonical_id);
CREATE INDEX IF NOT EXISTS ix_tmf_characteristic_lookup ON developer_api_portal.tmf_characteristic (tenant_id, source_table, characteristic_name);
CREATE INDEX IF NOT EXISTS ix_tmf_external_identifier_lookup ON developer_api_portal.tmf_external_identifier (tenant_id, external_identifier_id);
CREATE INDEX IF NOT EXISTS ix_tmf_related_party_lookup ON developer_api_portal.tmf_related_party (tenant_id, party_id);
CREATE INDEX IF NOT EXISTS ix_tmf_note_lookup ON developer_api_portal.tmf_note (tenant_id, source_table, source_canonical_id);
CREATE INDEX IF NOT EXISTS ix_tmf_attachment_lookup ON developer_api_portal.tmf_attachment (tenant_id, source_table, source_canonical_id);
CREATE INDEX IF NOT EXISTS ix_tmf_relationship_lookup ON developer_api_portal.tmf_relationship (tenant_id, source_table, relationship_type);
CREATE INDEX IF NOT EXISTS ix_event_contract_lookup ON developer_api_portal.event_contract (event_name, event_version);
CREATE INDEX IF NOT EXISTS ix_privacy_retention_policy_lookup ON developer_api_portal.privacy_retention_policy (table_name);

COMMENT ON TABLE developer_api_portal.tmf_api_resource_map IS 'V002 TMF support/control table for Developer And API Portal.';
COMMENT ON TABLE developer_api_portal.tmf_resource_reference IS 'V002 TMF support/control table for Developer And API Portal.';
COMMENT ON TABLE developer_api_portal.tmf_characteristic IS 'V002 TMF support/control table for Developer And API Portal.';
COMMENT ON TABLE developer_api_portal.tmf_external_identifier IS 'V002 TMF support/control table for Developer And API Portal.';
COMMENT ON TABLE developer_api_portal.tmf_related_party IS 'V002 TMF support/control table for Developer And API Portal.';
COMMENT ON TABLE developer_api_portal.tmf_note IS 'V002 TMF support/control table for Developer And API Portal.';
COMMENT ON TABLE developer_api_portal.tmf_attachment IS 'V002 TMF support/control table for Developer And API Portal.';
COMMENT ON TABLE developer_api_portal.tmf_relationship IS 'V002 TMF support/control table for Developer And API Portal.';
COMMENT ON TABLE developer_api_portal.event_contract IS 'V002 TMF support/control table for Developer And API Portal.';
COMMENT ON TABLE developer_api_portal.privacy_retention_policy IS 'V002 TMF support/control table for Developer And API Portal.';


INSERT INTO developer_api_portal.tmf_api_resource_map (tmf_api, tmf_resource, resource_path, anchor_table, field_strategy, local_spec_path, promoted_fields) VALUES ('TMF720', 'digitalIdentity', '/digitalIdentity', 'developer_organization', 'Promote common TMF lifecycle/reference fields; store remaining validated resource fields in tmf_payload and characteristics tables.', 'references/tmforum-open-apis/openapi-specs/TMF720_DigitalIdentity/TMF720_Digital_Identity_Management_API_v4.0.0_swagger.json', '["id", "href", "creationDate", "lastUpdate", "nickname", "status", "attachment", "contactMedium", "credential", "individualIdentified", "partyRoleIdentified", "relatedParty", "resourceIdentified", "validFor", "@baseType", "@schemaLocation"]'::jsonb) ON CONFLICT (tmf_api, tmf_resource, anchor_table) DO UPDATE SET field_strategy = EXCLUDED.field_strategy, local_spec_path = EXCLUDED.local_spec_path, promoted_fields = EXCLUDED.promoted_fields, updated_at = now();
INSERT INTO developer_api_portal.event_contract (event_name, event_version, tmf_api, tmf_resource, source_table, event_type, event_key_strategy, payload_basis, consumer_notes) VALUES ('developer_api_portal.digital_identity.created', 'v1', 'TMF720', 'digitalIdentity', 'developer_api_portal.developer_organization', 'created', 'tenant_id + canonical_id + version', 'typed columns + tmf_payload snapshot', 'Register concrete consumers during integration design') ON CONFLICT (event_name, event_version) DO UPDATE SET source_table = EXCLUDED.source_table, payload_basis = EXCLUDED.payload_basis, updated_at = now();
INSERT INTO developer_api_portal.event_contract (event_name, event_version, tmf_api, tmf_resource, source_table, event_type, event_key_strategy, payload_basis, consumer_notes) VALUES ('developer_api_portal.digital_identity.updated', 'v1', 'TMF720', 'digitalIdentity', 'developer_api_portal.developer_organization', 'updated', 'tenant_id + canonical_id + version', 'typed columns + tmf_payload snapshot', 'Register concrete consumers during integration design') ON CONFLICT (event_name, event_version) DO UPDATE SET source_table = EXCLUDED.source_table, payload_basis = EXCLUDED.payload_basis, updated_at = now();
INSERT INTO developer_api_portal.event_contract (event_name, event_version, tmf_api, tmf_resource, source_table, event_type, event_key_strategy, payload_basis, consumer_notes) VALUES ('developer_api_portal.digital_identity.stateChanged', 'v1', 'TMF720', 'digitalIdentity', 'developer_api_portal.developer_organization', 'stateChanged', 'tenant_id + canonical_id + version', 'typed columns + tmf_payload snapshot', 'Register concrete consumers during integration design') ON CONFLICT (event_name, event_version) DO UPDATE SET source_table = EXCLUDED.source_table, payload_basis = EXCLUDED.payload_basis, updated_at = now();
INSERT INTO developer_api_portal.event_contract (event_name, event_version, tmf_api, tmf_resource, source_table, event_type, event_key_strategy, payload_basis, consumer_notes) VALUES ('developer_api_portal.digital_identity.deleted', 'v1', 'TMF720', 'digitalIdentity', 'developer_api_portal.developer_organization', 'deleted', 'tenant_id + canonical_id + version', 'typed columns + tmf_payload snapshot', 'Register concrete consumers during integration design') ON CONFLICT (event_name, event_version) DO UPDATE SET source_table = EXCLUDED.source_table, payload_basis = EXCLUDED.payload_basis, updated_at = now();
INSERT INTO developer_api_portal.tmf_api_resource_map (tmf_api, tmf_resource, resource_path, anchor_table, field_strategy, local_spec_path, promoted_fields) VALUES ('TMF672', 'checkPermission', '/checkPermission', 'developer_application', 'Promote common TMF metadata; store resource-specific fields in tmf_payload until query patterns justify additional typed columns.', 'references/tmforum-open-apis/openapi-specs/TMF672_UserRolesPermissions/TMF672-User_Role_Permission_Management_API-v5.1.0.oas.yaml', '[]'::jsonb) ON CONFLICT (tmf_api, tmf_resource, anchor_table) DO UPDATE SET field_strategy = EXCLUDED.field_strategy, local_spec_path = EXCLUDED.local_spec_path, promoted_fields = EXCLUDED.promoted_fields, updated_at = now();
INSERT INTO developer_api_portal.event_contract (event_name, event_version, tmf_api, tmf_resource, source_table, event_type, event_key_strategy, payload_basis, consumer_notes) VALUES ('developer_api_portal.check_permission.created', 'v1', 'TMF672', 'checkPermission', 'developer_api_portal.developer_application', 'created', 'tenant_id + canonical_id + version', 'typed columns + tmf_payload snapshot', 'Register concrete consumers during integration design') ON CONFLICT (event_name, event_version) DO UPDATE SET source_table = EXCLUDED.source_table, payload_basis = EXCLUDED.payload_basis, updated_at = now();
INSERT INTO developer_api_portal.event_contract (event_name, event_version, tmf_api, tmf_resource, source_table, event_type, event_key_strategy, payload_basis, consumer_notes) VALUES ('developer_api_portal.check_permission.updated', 'v1', 'TMF672', 'checkPermission', 'developer_api_portal.developer_application', 'updated', 'tenant_id + canonical_id + version', 'typed columns + tmf_payload snapshot', 'Register concrete consumers during integration design') ON CONFLICT (event_name, event_version) DO UPDATE SET source_table = EXCLUDED.source_table, payload_basis = EXCLUDED.payload_basis, updated_at = now();
INSERT INTO developer_api_portal.event_contract (event_name, event_version, tmf_api, tmf_resource, source_table, event_type, event_key_strategy, payload_basis, consumer_notes) VALUES ('developer_api_portal.check_permission.stateChanged', 'v1', 'TMF672', 'checkPermission', 'developer_api_portal.developer_application', 'stateChanged', 'tenant_id + canonical_id + version', 'typed columns + tmf_payload snapshot', 'Register concrete consumers during integration design') ON CONFLICT (event_name, event_version) DO UPDATE SET source_table = EXCLUDED.source_table, payload_basis = EXCLUDED.payload_basis, updated_at = now();
INSERT INTO developer_api_portal.event_contract (event_name, event_version, tmf_api, tmf_resource, source_table, event_type, event_key_strategy, payload_basis, consumer_notes) VALUES ('developer_api_portal.check_permission.deleted', 'v1', 'TMF672', 'checkPermission', 'developer_api_portal.developer_application', 'deleted', 'tenant_id + canonical_id + version', 'typed columns + tmf_payload snapshot', 'Register concrete consumers during integration design') ON CONFLICT (event_name, event_version) DO UPDATE SET source_table = EXCLUDED.source_table, payload_basis = EXCLUDED.payload_basis, updated_at = now();
INSERT INTO developer_api_portal.tmf_api_resource_map (tmf_api, tmf_resource, resource_path, anchor_table, field_strategy, local_spec_path, promoted_fields) VALUES ('TMF672', 'permissionSet', '/permissionSet', 'developer_application', 'Promote common TMF metadata; store resource-specific fields in tmf_payload until query patterns justify additional typed columns.', 'references/tmforum-open-apis/openapi-specs/TMF672_UserRolesPermissions/TMF672-User_Role_Permission_Management_API-v5.1.0.oas.yaml', '[]'::jsonb) ON CONFLICT (tmf_api, tmf_resource, anchor_table) DO UPDATE SET field_strategy = EXCLUDED.field_strategy, local_spec_path = EXCLUDED.local_spec_path, promoted_fields = EXCLUDED.promoted_fields, updated_at = now();
INSERT INTO developer_api_portal.event_contract (event_name, event_version, tmf_api, tmf_resource, source_table, event_type, event_key_strategy, payload_basis, consumer_notes) VALUES ('developer_api_portal.permission_set.created', 'v1', 'TMF672', 'permissionSet', 'developer_api_portal.developer_application', 'created', 'tenant_id + canonical_id + version', 'typed columns + tmf_payload snapshot', 'Register concrete consumers during integration design') ON CONFLICT (event_name, event_version) DO UPDATE SET source_table = EXCLUDED.source_table, payload_basis = EXCLUDED.payload_basis, updated_at = now();
INSERT INTO developer_api_portal.event_contract (event_name, event_version, tmf_api, tmf_resource, source_table, event_type, event_key_strategy, payload_basis, consumer_notes) VALUES ('developer_api_portal.permission_set.updated', 'v1', 'TMF672', 'permissionSet', 'developer_api_portal.developer_application', 'updated', 'tenant_id + canonical_id + version', 'typed columns + tmf_payload snapshot', 'Register concrete consumers during integration design') ON CONFLICT (event_name, event_version) DO UPDATE SET source_table = EXCLUDED.source_table, payload_basis = EXCLUDED.payload_basis, updated_at = now();
INSERT INTO developer_api_portal.event_contract (event_name, event_version, tmf_api, tmf_resource, source_table, event_type, event_key_strategy, payload_basis, consumer_notes) VALUES ('developer_api_portal.permission_set.stateChanged', 'v1', 'TMF672', 'permissionSet', 'developer_api_portal.developer_application', 'stateChanged', 'tenant_id + canonical_id + version', 'typed columns + tmf_payload snapshot', 'Register concrete consumers during integration design') ON CONFLICT (event_name, event_version) DO UPDATE SET source_table = EXCLUDED.source_table, payload_basis = EXCLUDED.payload_basis, updated_at = now();
INSERT INTO developer_api_portal.event_contract (event_name, event_version, tmf_api, tmf_resource, source_table, event_type, event_key_strategy, payload_basis, consumer_notes) VALUES ('developer_api_portal.permission_set.deleted', 'v1', 'TMF672', 'permissionSet', 'developer_api_portal.developer_application', 'deleted', 'tenant_id + canonical_id + version', 'typed columns + tmf_payload snapshot', 'Register concrete consumers during integration design') ON CONFLICT (event_name, event_version) DO UPDATE SET source_table = EXCLUDED.source_table, payload_basis = EXCLUDED.payload_basis, updated_at = now();
INSERT INTO developer_api_portal.tmf_api_resource_map (tmf_api, tmf_resource, resource_path, anchor_table, field_strategy, local_spec_path, promoted_fields) VALUES ('TMF672', 'permissionSpecification', '/permissionSpecification', 'developer_application', 'Promote common TMF metadata; store resource-specific fields in tmf_payload until query patterns justify additional typed columns.', 'references/tmforum-open-apis/openapi-specs/TMF672_UserRolesPermissions/TMF672-User_Role_Permission_Management_API-v5.1.0.oas.yaml', '[]'::jsonb) ON CONFLICT (tmf_api, tmf_resource, anchor_table) DO UPDATE SET field_strategy = EXCLUDED.field_strategy, local_spec_path = EXCLUDED.local_spec_path, promoted_fields = EXCLUDED.promoted_fields, updated_at = now();
INSERT INTO developer_api_portal.event_contract (event_name, event_version, tmf_api, tmf_resource, source_table, event_type, event_key_strategy, payload_basis, consumer_notes) VALUES ('developer_api_portal.permission_specification.created', 'v1', 'TMF672', 'permissionSpecification', 'developer_api_portal.developer_application', 'created', 'tenant_id + canonical_id + version', 'typed columns + tmf_payload snapshot', 'Register concrete consumers during integration design') ON CONFLICT (event_name, event_version) DO UPDATE SET source_table = EXCLUDED.source_table, payload_basis = EXCLUDED.payload_basis, updated_at = now();
INSERT INTO developer_api_portal.event_contract (event_name, event_version, tmf_api, tmf_resource, source_table, event_type, event_key_strategy, payload_basis, consumer_notes) VALUES ('developer_api_portal.permission_specification.updated', 'v1', 'TMF672', 'permissionSpecification', 'developer_api_portal.developer_application', 'updated', 'tenant_id + canonical_id + version', 'typed columns + tmf_payload snapshot', 'Register concrete consumers during integration design') ON CONFLICT (event_name, event_version) DO UPDATE SET source_table = EXCLUDED.source_table, payload_basis = EXCLUDED.payload_basis, updated_at = now();
INSERT INTO developer_api_portal.event_contract (event_name, event_version, tmf_api, tmf_resource, source_table, event_type, event_key_strategy, payload_basis, consumer_notes) VALUES ('developer_api_portal.permission_specification.stateChanged', 'v1', 'TMF672', 'permissionSpecification', 'developer_api_portal.developer_application', 'stateChanged', 'tenant_id + canonical_id + version', 'typed columns + tmf_payload snapshot', 'Register concrete consumers during integration design') ON CONFLICT (event_name, event_version) DO UPDATE SET source_table = EXCLUDED.source_table, payload_basis = EXCLUDED.payload_basis, updated_at = now();
INSERT INTO developer_api_portal.event_contract (event_name, event_version, tmf_api, tmf_resource, source_table, event_type, event_key_strategy, payload_basis, consumer_notes) VALUES ('developer_api_portal.permission_specification.deleted', 'v1', 'TMF672', 'permissionSpecification', 'developer_api_portal.developer_application', 'deleted', 'tenant_id + canonical_id + version', 'typed columns + tmf_payload snapshot', 'Register concrete consumers during integration design') ON CONFLICT (event_name, event_version) DO UPDATE SET source_table = EXCLUDED.source_table, payload_basis = EXCLUDED.payload_basis, updated_at = now();
INSERT INTO developer_api_portal.tmf_api_resource_map (tmf_api, tmf_resource, resource_path, anchor_table, field_strategy, local_spec_path, promoted_fields) VALUES ('TMF672', 'permissionSpecificationSet', '/permissionSpecificationSet', 'developer_application', 'Promote common TMF metadata; store resource-specific fields in tmf_payload until query patterns justify additional typed columns.', 'references/tmforum-open-apis/openapi-specs/TMF672_UserRolesPermissions/TMF672-User_Role_Permission_Management_API-v5.1.0.oas.yaml', '[]'::jsonb) ON CONFLICT (tmf_api, tmf_resource, anchor_table) DO UPDATE SET field_strategy = EXCLUDED.field_strategy, local_spec_path = EXCLUDED.local_spec_path, promoted_fields = EXCLUDED.promoted_fields, updated_at = now();
INSERT INTO developer_api_portal.event_contract (event_name, event_version, tmf_api, tmf_resource, source_table, event_type, event_key_strategy, payload_basis, consumer_notes) VALUES ('developer_api_portal.permission_specification_set.created', 'v1', 'TMF672', 'permissionSpecificationSet', 'developer_api_portal.developer_application', 'created', 'tenant_id + canonical_id + version', 'typed columns + tmf_payload snapshot', 'Register concrete consumers during integration design') ON CONFLICT (event_name, event_version) DO UPDATE SET source_table = EXCLUDED.source_table, payload_basis = EXCLUDED.payload_basis, updated_at = now();
INSERT INTO developer_api_portal.event_contract (event_name, event_version, tmf_api, tmf_resource, source_table, event_type, event_key_strategy, payload_basis, consumer_notes) VALUES ('developer_api_portal.permission_specification_set.updated', 'v1', 'TMF672', 'permissionSpecificationSet', 'developer_api_portal.developer_application', 'updated', 'tenant_id + canonical_id + version', 'typed columns + tmf_payload snapshot', 'Register concrete consumers during integration design') ON CONFLICT (event_name, event_version) DO UPDATE SET source_table = EXCLUDED.source_table, payload_basis = EXCLUDED.payload_basis, updated_at = now();
INSERT INTO developer_api_portal.event_contract (event_name, event_version, tmf_api, tmf_resource, source_table, event_type, event_key_strategy, payload_basis, consumer_notes) VALUES ('developer_api_portal.permission_specification_set.stateChanged', 'v1', 'TMF672', 'permissionSpecificationSet', 'developer_api_portal.developer_application', 'stateChanged', 'tenant_id + canonical_id + version', 'typed columns + tmf_payload snapshot', 'Register concrete consumers during integration design') ON CONFLICT (event_name, event_version) DO UPDATE SET source_table = EXCLUDED.source_table, payload_basis = EXCLUDED.payload_basis, updated_at = now();
INSERT INTO developer_api_portal.event_contract (event_name, event_version, tmf_api, tmf_resource, source_table, event_type, event_key_strategy, payload_basis, consumer_notes) VALUES ('developer_api_portal.permission_specification_set.deleted', 'v1', 'TMF672', 'permissionSpecificationSet', 'developer_api_portal.developer_application', 'deleted', 'tenant_id + canonical_id + version', 'typed columns + tmf_payload snapshot', 'Register concrete consumers during integration design') ON CONFLICT (event_name, event_version) DO UPDATE SET source_table = EXCLUDED.source_table, payload_basis = EXCLUDED.payload_basis, updated_at = now();
INSERT INTO developer_api_portal.tmf_api_resource_map (tmf_api, tmf_resource, resource_path, anchor_table, field_strategy, local_spec_path, promoted_fields) VALUES ('TMF668', 'partnership', '/partnership', 'api_subscription', 'Promote common TMF lifecycle/reference fields; store remaining validated resource fields in tmf_payload and characteristics tables.', 'references/tmforum-open-apis/openapi-specs/TMF668_PartnershipType/TMF668_Partnership_Type_v4.0.0_swagger.json', '["id", "href", "description", "name", "partner", "specification", "@baseType", "@schemaLocation", "@type"]'::jsonb) ON CONFLICT (tmf_api, tmf_resource, anchor_table) DO UPDATE SET field_strategy = EXCLUDED.field_strategy, local_spec_path = EXCLUDED.local_spec_path, promoted_fields = EXCLUDED.promoted_fields, updated_at = now();
INSERT INTO developer_api_portal.event_contract (event_name, event_version, tmf_api, tmf_resource, source_table, event_type, event_key_strategy, payload_basis, consumer_notes) VALUES ('developer_api_portal.partnership.created', 'v1', 'TMF668', 'partnership', 'developer_api_portal.api_subscription', 'created', 'tenant_id + canonical_id + version', 'typed columns + tmf_payload snapshot', 'Register concrete consumers during integration design') ON CONFLICT (event_name, event_version) DO UPDATE SET source_table = EXCLUDED.source_table, payload_basis = EXCLUDED.payload_basis, updated_at = now();
INSERT INTO developer_api_portal.event_contract (event_name, event_version, tmf_api, tmf_resource, source_table, event_type, event_key_strategy, payload_basis, consumer_notes) VALUES ('developer_api_portal.partnership.updated', 'v1', 'TMF668', 'partnership', 'developer_api_portal.api_subscription', 'updated', 'tenant_id + canonical_id + version', 'typed columns + tmf_payload snapshot', 'Register concrete consumers during integration design') ON CONFLICT (event_name, event_version) DO UPDATE SET source_table = EXCLUDED.source_table, payload_basis = EXCLUDED.payload_basis, updated_at = now();
INSERT INTO developer_api_portal.event_contract (event_name, event_version, tmf_api, tmf_resource, source_table, event_type, event_key_strategy, payload_basis, consumer_notes) VALUES ('developer_api_portal.partnership.stateChanged', 'v1', 'TMF668', 'partnership', 'developer_api_portal.api_subscription', 'stateChanged', 'tenant_id + canonical_id + version', 'typed columns + tmf_payload snapshot', 'Register concrete consumers during integration design') ON CONFLICT (event_name, event_version) DO UPDATE SET source_table = EXCLUDED.source_table, payload_basis = EXCLUDED.payload_basis, updated_at = now();
INSERT INTO developer_api_portal.event_contract (event_name, event_version, tmf_api, tmf_resource, source_table, event_type, event_key_strategy, payload_basis, consumer_notes) VALUES ('developer_api_portal.partnership.deleted', 'v1', 'TMF668', 'partnership', 'developer_api_portal.api_subscription', 'deleted', 'tenant_id + canonical_id + version', 'typed columns + tmf_payload snapshot', 'Register concrete consumers during integration design') ON CONFLICT (event_name, event_version) DO UPDATE SET source_table = EXCLUDED.source_table, payload_basis = EXCLUDED.payload_basis, updated_at = now();
INSERT INTO developer_api_portal.tmf_api_resource_map (tmf_api, tmf_resource, resource_path, anchor_table, field_strategy, local_spec_path, promoted_fields) VALUES ('TMF668', 'partnershipSpecification', '/partnershipSpecification', 'api_subscription', 'Promote common TMF lifecycle/reference fields; store remaining validated resource fields in tmf_payload and characteristics tables.', 'references/tmforum-open-apis/openapi-specs/TMF668_PartnershipType/TMF668_Partnership_Type_v4.0.0_swagger.json', '["id", "href", "description", "name", "roleSpecification", "@baseType", "@schemaLocation", "@type"]'::jsonb) ON CONFLICT (tmf_api, tmf_resource, anchor_table) DO UPDATE SET field_strategy = EXCLUDED.field_strategy, local_spec_path = EXCLUDED.local_spec_path, promoted_fields = EXCLUDED.promoted_fields, updated_at = now();
INSERT INTO developer_api_portal.event_contract (event_name, event_version, tmf_api, tmf_resource, source_table, event_type, event_key_strategy, payload_basis, consumer_notes) VALUES ('developer_api_portal.partnership_specification.created', 'v1', 'TMF668', 'partnershipSpecification', 'developer_api_portal.api_subscription', 'created', 'tenant_id + canonical_id + version', 'typed columns + tmf_payload snapshot', 'Register concrete consumers during integration design') ON CONFLICT (event_name, event_version) DO UPDATE SET source_table = EXCLUDED.source_table, payload_basis = EXCLUDED.payload_basis, updated_at = now();
INSERT INTO developer_api_portal.event_contract (event_name, event_version, tmf_api, tmf_resource, source_table, event_type, event_key_strategy, payload_basis, consumer_notes) VALUES ('developer_api_portal.partnership_specification.updated', 'v1', 'TMF668', 'partnershipSpecification', 'developer_api_portal.api_subscription', 'updated', 'tenant_id + canonical_id + version', 'typed columns + tmf_payload snapshot', 'Register concrete consumers during integration design') ON CONFLICT (event_name, event_version) DO UPDATE SET source_table = EXCLUDED.source_table, payload_basis = EXCLUDED.payload_basis, updated_at = now();
INSERT INTO developer_api_portal.event_contract (event_name, event_version, tmf_api, tmf_resource, source_table, event_type, event_key_strategy, payload_basis, consumer_notes) VALUES ('developer_api_portal.partnership_specification.stateChanged', 'v1', 'TMF668', 'partnershipSpecification', 'developer_api_portal.api_subscription', 'stateChanged', 'tenant_id + canonical_id + version', 'typed columns + tmf_payload snapshot', 'Register concrete consumers during integration design') ON CONFLICT (event_name, event_version) DO UPDATE SET source_table = EXCLUDED.source_table, payload_basis = EXCLUDED.payload_basis, updated_at = now();
INSERT INTO developer_api_portal.event_contract (event_name, event_version, tmf_api, tmf_resource, source_table, event_type, event_key_strategy, payload_basis, consumer_notes) VALUES ('developer_api_portal.partnership_specification.deleted', 'v1', 'TMF668', 'partnershipSpecification', 'developer_api_portal.api_subscription', 'deleted', 'tenant_id + canonical_id + version', 'typed columns + tmf_payload snapshot', 'Register concrete consumers during integration design') ON CONFLICT (event_name, event_version) DO UPDATE SET source_table = EXCLUDED.source_table, payload_basis = EXCLUDED.payload_basis, updated_at = now();
INSERT INTO developer_api_portal.tmf_api_resource_map (tmf_api, tmf_resource, resource_path, anchor_table, field_strategy, local_spec_path, promoted_fields) VALUES ('TMF704', 'nonFunctionalTestModel', '/nonFunctionalTestModel', 'sandbox_mock_scenario', 'Promote common TMF lifecycle/reference fields; store remaining validated resource fields in tmf_payload and characteristics tables.', 'references/tmforum-open-apis/openapi-specs/TMF704_TestCase/TMF704_Test_Case_Management_API_v4.0.0_swagger.json', '["id", "href", "description", "version", "versionDescription", "agreement", "attribute", "nonFunctionalTestModelDefinition", "relatedParty", "state", "@baseType", "@schemaLocation", "@type"]'::jsonb) ON CONFLICT (tmf_api, tmf_resource, anchor_table) DO UPDATE SET field_strategy = EXCLUDED.field_strategy, local_spec_path = EXCLUDED.local_spec_path, promoted_fields = EXCLUDED.promoted_fields, updated_at = now();
INSERT INTO developer_api_portal.event_contract (event_name, event_version, tmf_api, tmf_resource, source_table, event_type, event_key_strategy, payload_basis, consumer_notes) VALUES ('developer_api_portal.non_functional_test_model.created', 'v1', 'TMF704', 'nonFunctionalTestModel', 'developer_api_portal.sandbox_mock_scenario', 'created', 'tenant_id + canonical_id + version', 'typed columns + tmf_payload snapshot', 'Register concrete consumers during integration design') ON CONFLICT (event_name, event_version) DO UPDATE SET source_table = EXCLUDED.source_table, payload_basis = EXCLUDED.payload_basis, updated_at = now();
INSERT INTO developer_api_portal.event_contract (event_name, event_version, tmf_api, tmf_resource, source_table, event_type, event_key_strategy, payload_basis, consumer_notes) VALUES ('developer_api_portal.non_functional_test_model.updated', 'v1', 'TMF704', 'nonFunctionalTestModel', 'developer_api_portal.sandbox_mock_scenario', 'updated', 'tenant_id + canonical_id + version', 'typed columns + tmf_payload snapshot', 'Register concrete consumers during integration design') ON CONFLICT (event_name, event_version) DO UPDATE SET source_table = EXCLUDED.source_table, payload_basis = EXCLUDED.payload_basis, updated_at = now();
INSERT INTO developer_api_portal.event_contract (event_name, event_version, tmf_api, tmf_resource, source_table, event_type, event_key_strategy, payload_basis, consumer_notes) VALUES ('developer_api_portal.non_functional_test_model.stateChanged', 'v1', 'TMF704', 'nonFunctionalTestModel', 'developer_api_portal.sandbox_mock_scenario', 'stateChanged', 'tenant_id + canonical_id + version', 'typed columns + tmf_payload snapshot', 'Register concrete consumers during integration design') ON CONFLICT (event_name, event_version) DO UPDATE SET source_table = EXCLUDED.source_table, payload_basis = EXCLUDED.payload_basis, updated_at = now();
INSERT INTO developer_api_portal.event_contract (event_name, event_version, tmf_api, tmf_resource, source_table, event_type, event_key_strategy, payload_basis, consumer_notes) VALUES ('developer_api_portal.non_functional_test_model.deleted', 'v1', 'TMF704', 'nonFunctionalTestModel', 'developer_api_portal.sandbox_mock_scenario', 'deleted', 'tenant_id + canonical_id + version', 'typed columns + tmf_payload snapshot', 'Register concrete consumers during integration design') ON CONFLICT (event_name, event_version) DO UPDATE SET source_table = EXCLUDED.source_table, payload_basis = EXCLUDED.payload_basis, updated_at = now();
INSERT INTO developer_api_portal.tmf_api_resource_map (tmf_api, tmf_resource, resource_path, anchor_table, field_strategy, local_spec_path, promoted_fields) VALUES ('TMF704', 'testCase', '/testCase', 'sandbox_mock_scenario', 'Promote common TMF lifecycle/reference fields; store remaining validated resource fields in tmf_payload and characteristics tables.', 'references/tmforum-open-apis/openapi-specs/TMF704_TestCase/TMF704_Test_Case_Management_API_v4.0.0_swagger.json', '["id", "href", "description", "version", "versionDescription", "agreement", "attribute", "relatedParty", "state", "testCaseDefinition", "@baseType", "@schemaLocation", "@type"]'::jsonb) ON CONFLICT (tmf_api, tmf_resource, anchor_table) DO UPDATE SET field_strategy = EXCLUDED.field_strategy, local_spec_path = EXCLUDED.local_spec_path, promoted_fields = EXCLUDED.promoted_fields, updated_at = now();
INSERT INTO developer_api_portal.event_contract (event_name, event_version, tmf_api, tmf_resource, source_table, event_type, event_key_strategy, payload_basis, consumer_notes) VALUES ('developer_api_portal.test_case.created', 'v1', 'TMF704', 'testCase', 'developer_api_portal.sandbox_mock_scenario', 'created', 'tenant_id + canonical_id + version', 'typed columns + tmf_payload snapshot', 'Register concrete consumers during integration design') ON CONFLICT (event_name, event_version) DO UPDATE SET source_table = EXCLUDED.source_table, payload_basis = EXCLUDED.payload_basis, updated_at = now();
INSERT INTO developer_api_portal.event_contract (event_name, event_version, tmf_api, tmf_resource, source_table, event_type, event_key_strategy, payload_basis, consumer_notes) VALUES ('developer_api_portal.test_case.updated', 'v1', 'TMF704', 'testCase', 'developer_api_portal.sandbox_mock_scenario', 'updated', 'tenant_id + canonical_id + version', 'typed columns + tmf_payload snapshot', 'Register concrete consumers during integration design') ON CONFLICT (event_name, event_version) DO UPDATE SET source_table = EXCLUDED.source_table, payload_basis = EXCLUDED.payload_basis, updated_at = now();
INSERT INTO developer_api_portal.event_contract (event_name, event_version, tmf_api, tmf_resource, source_table, event_type, event_key_strategy, payload_basis, consumer_notes) VALUES ('developer_api_portal.test_case.stateChanged', 'v1', 'TMF704', 'testCase', 'developer_api_portal.sandbox_mock_scenario', 'stateChanged', 'tenant_id + canonical_id + version', 'typed columns + tmf_payload snapshot', 'Register concrete consumers during integration design') ON CONFLICT (event_name, event_version) DO UPDATE SET source_table = EXCLUDED.source_table, payload_basis = EXCLUDED.payload_basis, updated_at = now();
INSERT INTO developer_api_portal.event_contract (event_name, event_version, tmf_api, tmf_resource, source_table, event_type, event_key_strategy, payload_basis, consumer_notes) VALUES ('developer_api_portal.test_case.deleted', 'v1', 'TMF704', 'testCase', 'developer_api_portal.sandbox_mock_scenario', 'deleted', 'tenant_id + canonical_id + version', 'typed columns + tmf_payload snapshot', 'Register concrete consumers during integration design') ON CONFLICT (event_name, event_version) DO UPDATE SET source_table = EXCLUDED.source_table, payload_basis = EXCLUDED.payload_basis, updated_at = now();
INSERT INTO developer_api_portal.tmf_api_resource_map (tmf_api, tmf_resource, resource_path, anchor_table, field_strategy, local_spec_path, promoted_fields) VALUES ('TMF704', 'testSuite', '/testSuite', 'sandbox_mock_scenario', 'Promote common TMF lifecycle/reference fields; store remaining validated resource fields in tmf_payload and characteristics tables.', 'references/tmforum-open-apis/openapi-specs/TMF704_TestCase/TMF704_Test_Case_Management_API_v4.0.0_swagger.json', '["id", "href", "description", "version", "versionDescription", "agreement", "attribute", "relatedParty", "state", "testSuiteDefinition", "@baseType", "@schemaLocation", "@type"]'::jsonb) ON CONFLICT (tmf_api, tmf_resource, anchor_table) DO UPDATE SET field_strategy = EXCLUDED.field_strategy, local_spec_path = EXCLUDED.local_spec_path, promoted_fields = EXCLUDED.promoted_fields, updated_at = now();
INSERT INTO developer_api_portal.event_contract (event_name, event_version, tmf_api, tmf_resource, source_table, event_type, event_key_strategy, payload_basis, consumer_notes) VALUES ('developer_api_portal.test_suite.created', 'v1', 'TMF704', 'testSuite', 'developer_api_portal.sandbox_mock_scenario', 'created', 'tenant_id + canonical_id + version', 'typed columns + tmf_payload snapshot', 'Register concrete consumers during integration design') ON CONFLICT (event_name, event_version) DO UPDATE SET source_table = EXCLUDED.source_table, payload_basis = EXCLUDED.payload_basis, updated_at = now();
INSERT INTO developer_api_portal.event_contract (event_name, event_version, tmf_api, tmf_resource, source_table, event_type, event_key_strategy, payload_basis, consumer_notes) VALUES ('developer_api_portal.test_suite.updated', 'v1', 'TMF704', 'testSuite', 'developer_api_portal.sandbox_mock_scenario', 'updated', 'tenant_id + canonical_id + version', 'typed columns + tmf_payload snapshot', 'Register concrete consumers during integration design') ON CONFLICT (event_name, event_version) DO UPDATE SET source_table = EXCLUDED.source_table, payload_basis = EXCLUDED.payload_basis, updated_at = now();
INSERT INTO developer_api_portal.event_contract (event_name, event_version, tmf_api, tmf_resource, source_table, event_type, event_key_strategy, payload_basis, consumer_notes) VALUES ('developer_api_portal.test_suite.stateChanged', 'v1', 'TMF704', 'testSuite', 'developer_api_portal.sandbox_mock_scenario', 'stateChanged', 'tenant_id + canonical_id + version', 'typed columns + tmf_payload snapshot', 'Register concrete consumers during integration design') ON CONFLICT (event_name, event_version) DO UPDATE SET source_table = EXCLUDED.source_table, payload_basis = EXCLUDED.payload_basis, updated_at = now();
INSERT INTO developer_api_portal.event_contract (event_name, event_version, tmf_api, tmf_resource, source_table, event_type, event_key_strategy, payload_basis, consumer_notes) VALUES ('developer_api_portal.test_suite.deleted', 'v1', 'TMF704', 'testSuite', 'developer_api_portal.sandbox_mock_scenario', 'deleted', 'tenant_id + canonical_id + version', 'typed columns + tmf_payload snapshot', 'Register concrete consumers during integration design') ON CONFLICT (event_name, event_version) DO UPDATE SET source_table = EXCLUDED.source_table, payload_basis = EXCLUDED.payload_basis, updated_at = now();
INSERT INTO developer_api_portal.tmf_api_resource_map (tmf_api, tmf_resource, resource_path, anchor_table, field_strategy, local_spec_path, promoted_fields) VALUES ('TMF706', 'testDataInstance', '/testDataInstance', 'sandbox_mock_scenario', 'Promote common TMF lifecycle/reference fields; store remaining validated resource fields in tmf_payload and characteristics tables.', 'references/tmforum-open-apis/openapi-specs/TMF706_TestData/TMF706_Test_Data_Management_API_v4.0.0_swagger.json', '["id", "href", "description", "version", "versionDescription", "agreement", "attribute", "relatedParty", "state", "testDataInstanceDefinition", "@baseType", "@schemaLocation", "@type"]'::jsonb) ON CONFLICT (tmf_api, tmf_resource, anchor_table) DO UPDATE SET field_strategy = EXCLUDED.field_strategy, local_spec_path = EXCLUDED.local_spec_path, promoted_fields = EXCLUDED.promoted_fields, updated_at = now();
INSERT INTO developer_api_portal.event_contract (event_name, event_version, tmf_api, tmf_resource, source_table, event_type, event_key_strategy, payload_basis, consumer_notes) VALUES ('developer_api_portal.test_data_instance.created', 'v1', 'TMF706', 'testDataInstance', 'developer_api_portal.sandbox_mock_scenario', 'created', 'tenant_id + canonical_id + version', 'typed columns + tmf_payload snapshot', 'Register concrete consumers during integration design') ON CONFLICT (event_name, event_version) DO UPDATE SET source_table = EXCLUDED.source_table, payload_basis = EXCLUDED.payload_basis, updated_at = now();
INSERT INTO developer_api_portal.event_contract (event_name, event_version, tmf_api, tmf_resource, source_table, event_type, event_key_strategy, payload_basis, consumer_notes) VALUES ('developer_api_portal.test_data_instance.updated', 'v1', 'TMF706', 'testDataInstance', 'developer_api_portal.sandbox_mock_scenario', 'updated', 'tenant_id + canonical_id + version', 'typed columns + tmf_payload snapshot', 'Register concrete consumers during integration design') ON CONFLICT (event_name, event_version) DO UPDATE SET source_table = EXCLUDED.source_table, payload_basis = EXCLUDED.payload_basis, updated_at = now();
INSERT INTO developer_api_portal.event_contract (event_name, event_version, tmf_api, tmf_resource, source_table, event_type, event_key_strategy, payload_basis, consumer_notes) VALUES ('developer_api_portal.test_data_instance.stateChanged', 'v1', 'TMF706', 'testDataInstance', 'developer_api_portal.sandbox_mock_scenario', 'stateChanged', 'tenant_id + canonical_id + version', 'typed columns + tmf_payload snapshot', 'Register concrete consumers during integration design') ON CONFLICT (event_name, event_version) DO UPDATE SET source_table = EXCLUDED.source_table, payload_basis = EXCLUDED.payload_basis, updated_at = now();
INSERT INTO developer_api_portal.event_contract (event_name, event_version, tmf_api, tmf_resource, source_table, event_type, event_key_strategy, payload_basis, consumer_notes) VALUES ('developer_api_portal.test_data_instance.deleted', 'v1', 'TMF706', 'testDataInstance', 'developer_api_portal.sandbox_mock_scenario', 'deleted', 'tenant_id + canonical_id + version', 'typed columns + tmf_payload snapshot', 'Register concrete consumers during integration design') ON CONFLICT (event_name, event_version) DO UPDATE SET source_table = EXCLUDED.source_table, payload_basis = EXCLUDED.payload_basis, updated_at = now();
INSERT INTO developer_api_portal.tmf_api_resource_map (tmf_api, tmf_resource, resource_path, anchor_table, field_strategy, local_spec_path, promoted_fields) VALUES ('TMF706', 'testDataSchema', '/testDataSchema', 'sandbox_mock_scenario', 'Promote common TMF lifecycle/reference fields; store remaining validated resource fields in tmf_payload and characteristics tables.', 'references/tmforum-open-apis/openapi-specs/TMF706_TestData/TMF706_Test_Data_Management_API_v4.0.0_swagger.json', '["id", "href", "description", "version", "versionDescription", "agreement", "attribute", "relatedParty", "state", "testDataSchemaDefinition", "@baseType", "@schemaLocation", "@type"]'::jsonb) ON CONFLICT (tmf_api, tmf_resource, anchor_table) DO UPDATE SET field_strategy = EXCLUDED.field_strategy, local_spec_path = EXCLUDED.local_spec_path, promoted_fields = EXCLUDED.promoted_fields, updated_at = now();
INSERT INTO developer_api_portal.event_contract (event_name, event_version, tmf_api, tmf_resource, source_table, event_type, event_key_strategy, payload_basis, consumer_notes) VALUES ('developer_api_portal.test_data_schema.created', 'v1', 'TMF706', 'testDataSchema', 'developer_api_portal.sandbox_mock_scenario', 'created', 'tenant_id + canonical_id + version', 'typed columns + tmf_payload snapshot', 'Register concrete consumers during integration design') ON CONFLICT (event_name, event_version) DO UPDATE SET source_table = EXCLUDED.source_table, payload_basis = EXCLUDED.payload_basis, updated_at = now();
INSERT INTO developer_api_portal.event_contract (event_name, event_version, tmf_api, tmf_resource, source_table, event_type, event_key_strategy, payload_basis, consumer_notes) VALUES ('developer_api_portal.test_data_schema.updated', 'v1', 'TMF706', 'testDataSchema', 'developer_api_portal.sandbox_mock_scenario', 'updated', 'tenant_id + canonical_id + version', 'typed columns + tmf_payload snapshot', 'Register concrete consumers during integration design') ON CONFLICT (event_name, event_version) DO UPDATE SET source_table = EXCLUDED.source_table, payload_basis = EXCLUDED.payload_basis, updated_at = now();
INSERT INTO developer_api_portal.event_contract (event_name, event_version, tmf_api, tmf_resource, source_table, event_type, event_key_strategy, payload_basis, consumer_notes) VALUES ('developer_api_portal.test_data_schema.stateChanged', 'v1', 'TMF706', 'testDataSchema', 'developer_api_portal.sandbox_mock_scenario', 'stateChanged', 'tenant_id + canonical_id + version', 'typed columns + tmf_payload snapshot', 'Register concrete consumers during integration design') ON CONFLICT (event_name, event_version) DO UPDATE SET source_table = EXCLUDED.source_table, payload_basis = EXCLUDED.payload_basis, updated_at = now();
INSERT INTO developer_api_portal.event_contract (event_name, event_version, tmf_api, tmf_resource, source_table, event_type, event_key_strategy, payload_basis, consumer_notes) VALUES ('developer_api_portal.test_data_schema.deleted', 'v1', 'TMF706', 'testDataSchema', 'developer_api_portal.sandbox_mock_scenario', 'deleted', 'tenant_id + canonical_id + version', 'typed columns + tmf_payload snapshot', 'Register concrete consumers during integration design') ON CONFLICT (event_name, event_version) DO UPDATE SET source_table = EXCLUDED.source_table, payload_basis = EXCLUDED.payload_basis, updated_at = now();
INSERT INTO developer_api_portal.tmf_api_resource_map (tmf_api, tmf_resource, resource_path, anchor_table, field_strategy, local_spec_path, promoted_fields) VALUES ('TMF705', 'abstractEnvironment', '/abstractEnvironment', 'sandbox_mock_scenario', 'Promote common TMF lifecycle/reference fields; store remaining validated resource fields in tmf_payload and characteristics tables.', 'references/tmforum-open-apis/openapi-specs/TMF705_TestEnvironment/TMF705_Test_Environment_Management_API_v4.0.0_swagger.json', '["id", "href", "description", "version", "versionDescription", "abstractEnvironmentDefinition", "agreement", "attribute", "relatedParty", "state", "@baseType", "@schemaLocation", "@type"]'::jsonb) ON CONFLICT (tmf_api, tmf_resource, anchor_table) DO UPDATE SET field_strategy = EXCLUDED.field_strategy, local_spec_path = EXCLUDED.local_spec_path, promoted_fields = EXCLUDED.promoted_fields, updated_at = now();
INSERT INTO developer_api_portal.event_contract (event_name, event_version, tmf_api, tmf_resource, source_table, event_type, event_key_strategy, payload_basis, consumer_notes) VALUES ('developer_api_portal.abstract_environment.created', 'v1', 'TMF705', 'abstractEnvironment', 'developer_api_portal.sandbox_mock_scenario', 'created', 'tenant_id + canonical_id + version', 'typed columns + tmf_payload snapshot', 'Register concrete consumers during integration design') ON CONFLICT (event_name, event_version) DO UPDATE SET source_table = EXCLUDED.source_table, payload_basis = EXCLUDED.payload_basis, updated_at = now();
INSERT INTO developer_api_portal.event_contract (event_name, event_version, tmf_api, tmf_resource, source_table, event_type, event_key_strategy, payload_basis, consumer_notes) VALUES ('developer_api_portal.abstract_environment.updated', 'v1', 'TMF705', 'abstractEnvironment', 'developer_api_portal.sandbox_mock_scenario', 'updated', 'tenant_id + canonical_id + version', 'typed columns + tmf_payload snapshot', 'Register concrete consumers during integration design') ON CONFLICT (event_name, event_version) DO UPDATE SET source_table = EXCLUDED.source_table, payload_basis = EXCLUDED.payload_basis, updated_at = now();
INSERT INTO developer_api_portal.event_contract (event_name, event_version, tmf_api, tmf_resource, source_table, event_type, event_key_strategy, payload_basis, consumer_notes) VALUES ('developer_api_portal.abstract_environment.stateChanged', 'v1', 'TMF705', 'abstractEnvironment', 'developer_api_portal.sandbox_mock_scenario', 'stateChanged', 'tenant_id + canonical_id + version', 'typed columns + tmf_payload snapshot', 'Register concrete consumers during integration design') ON CONFLICT (event_name, event_version) DO UPDATE SET source_table = EXCLUDED.source_table, payload_basis = EXCLUDED.payload_basis, updated_at = now();
INSERT INTO developer_api_portal.event_contract (event_name, event_version, tmf_api, tmf_resource, source_table, event_type, event_key_strategy, payload_basis, consumer_notes) VALUES ('developer_api_portal.abstract_environment.deleted', 'v1', 'TMF705', 'abstractEnvironment', 'developer_api_portal.sandbox_mock_scenario', 'deleted', 'tenant_id + canonical_id + version', 'typed columns + tmf_payload snapshot', 'Register concrete consumers during integration design') ON CONFLICT (event_name, event_version) DO UPDATE SET source_table = EXCLUDED.source_table, payload_basis = EXCLUDED.payload_basis, updated_at = now();
INSERT INTO developer_api_portal.tmf_api_resource_map (tmf_api, tmf_resource, resource_path, anchor_table, field_strategy, local_spec_path, promoted_fields) VALUES ('TMF705', 'concreteEnvironmentMetaModel', '/concreteEnvironmentMetaModel', 'sandbox_mock_scenario', 'Promote common TMF lifecycle/reference fields; store remaining validated resource fields in tmf_payload and characteristics tables.', 'references/tmforum-open-apis/openapi-specs/TMF705_TestEnvironment/TMF705_Test_Environment_Management_API_v4.0.0_swagger.json', '["id", "href", "description", "version", "versionDescription", "agreement", "attribute", "concreteEnvironmentMetaModelDefinition", "relatedParty", "state", "@baseType", "@schemaLocation", "@type"]'::jsonb) ON CONFLICT (tmf_api, tmf_resource, anchor_table) DO UPDATE SET field_strategy = EXCLUDED.field_strategy, local_spec_path = EXCLUDED.local_spec_path, promoted_fields = EXCLUDED.promoted_fields, updated_at = now();
INSERT INTO developer_api_portal.event_contract (event_name, event_version, tmf_api, tmf_resource, source_table, event_type, event_key_strategy, payload_basis, consumer_notes) VALUES ('developer_api_portal.concrete_environment_meta_model.created', 'v1', 'TMF705', 'concreteEnvironmentMetaModel', 'developer_api_portal.sandbox_mock_scenario', 'created', 'tenant_id + canonical_id + version', 'typed columns + tmf_payload snapshot', 'Register concrete consumers during integration design') ON CONFLICT (event_name, event_version) DO UPDATE SET source_table = EXCLUDED.source_table, payload_basis = EXCLUDED.payload_basis, updated_at = now();
INSERT INTO developer_api_portal.event_contract (event_name, event_version, tmf_api, tmf_resource, source_table, event_type, event_key_strategy, payload_basis, consumer_notes) VALUES ('developer_api_portal.concrete_environment_meta_model.updated', 'v1', 'TMF705', 'concreteEnvironmentMetaModel', 'developer_api_portal.sandbox_mock_scenario', 'updated', 'tenant_id + canonical_id + version', 'typed columns + tmf_payload snapshot', 'Register concrete consumers during integration design') ON CONFLICT (event_name, event_version) DO UPDATE SET source_table = EXCLUDED.source_table, payload_basis = EXCLUDED.payload_basis, updated_at = now();
INSERT INTO developer_api_portal.event_contract (event_name, event_version, tmf_api, tmf_resource, source_table, event_type, event_key_strategy, payload_basis, consumer_notes) VALUES ('developer_api_portal.concrete_environment_meta_model.stateChanged', 'v1', 'TMF705', 'concreteEnvironmentMetaModel', 'developer_api_portal.sandbox_mock_scenario', 'stateChanged', 'tenant_id + canonical_id + version', 'typed columns + tmf_payload snapshot', 'Register concrete consumers during integration design') ON CONFLICT (event_name, event_version) DO UPDATE SET source_table = EXCLUDED.source_table, payload_basis = EXCLUDED.payload_basis, updated_at = now();
INSERT INTO developer_api_portal.event_contract (event_name, event_version, tmf_api, tmf_resource, source_table, event_type, event_key_strategy, payload_basis, consumer_notes) VALUES ('developer_api_portal.concrete_environment_meta_model.deleted', 'v1', 'TMF705', 'concreteEnvironmentMetaModel', 'developer_api_portal.sandbox_mock_scenario', 'deleted', 'tenant_id + canonical_id + version', 'typed columns + tmf_payload snapshot', 'Register concrete consumers during integration design') ON CONFLICT (event_name, event_version) DO UPDATE SET source_table = EXCLUDED.source_table, payload_basis = EXCLUDED.payload_basis, updated_at = now();
INSERT INTO developer_api_portal.tmf_api_resource_map (tmf_api, tmf_resource, resource_path, anchor_table, field_strategy, local_spec_path, promoted_fields) VALUES ('TMF705', 'provisioningArtifact', '/provisioningArtifact', 'sandbox_mock_scenario', 'Promote common TMF lifecycle/reference fields; store remaining validated resource fields in tmf_payload and characteristics tables.', 'references/tmforum-open-apis/openapi-specs/TMF705_TestEnvironment/TMF705_Test_Environment_Management_API_v4.0.0_swagger.json', '["id", "href", "description", "version", "versionDescription", "agreement", "attribute", "provisioningArtifactDefinition", "relatedParty", "state", "@baseType", "@schemaLocation", "@type"]'::jsonb) ON CONFLICT (tmf_api, tmf_resource, anchor_table) DO UPDATE SET field_strategy = EXCLUDED.field_strategy, local_spec_path = EXCLUDED.local_spec_path, promoted_fields = EXCLUDED.promoted_fields, updated_at = now();
INSERT INTO developer_api_portal.event_contract (event_name, event_version, tmf_api, tmf_resource, source_table, event_type, event_key_strategy, payload_basis, consumer_notes) VALUES ('developer_api_portal.provisioning_artifact.created', 'v1', 'TMF705', 'provisioningArtifact', 'developer_api_portal.sandbox_mock_scenario', 'created', 'tenant_id + canonical_id + version', 'typed columns + tmf_payload snapshot', 'Register concrete consumers during integration design') ON CONFLICT (event_name, event_version) DO UPDATE SET source_table = EXCLUDED.source_table, payload_basis = EXCLUDED.payload_basis, updated_at = now();
INSERT INTO developer_api_portal.event_contract (event_name, event_version, tmf_api, tmf_resource, source_table, event_type, event_key_strategy, payload_basis, consumer_notes) VALUES ('developer_api_portal.provisioning_artifact.updated', 'v1', 'TMF705', 'provisioningArtifact', 'developer_api_portal.sandbox_mock_scenario', 'updated', 'tenant_id + canonical_id + version', 'typed columns + tmf_payload snapshot', 'Register concrete consumers during integration design') ON CONFLICT (event_name, event_version) DO UPDATE SET source_table = EXCLUDED.source_table, payload_basis = EXCLUDED.payload_basis, updated_at = now();
INSERT INTO developer_api_portal.event_contract (event_name, event_version, tmf_api, tmf_resource, source_table, event_type, event_key_strategy, payload_basis, consumer_notes) VALUES ('developer_api_portal.provisioning_artifact.stateChanged', 'v1', 'TMF705', 'provisioningArtifact', 'developer_api_portal.sandbox_mock_scenario', 'stateChanged', 'tenant_id + canonical_id + version', 'typed columns + tmf_payload snapshot', 'Register concrete consumers during integration design') ON CONFLICT (event_name, event_version) DO UPDATE SET source_table = EXCLUDED.source_table, payload_basis = EXCLUDED.payload_basis, updated_at = now();
INSERT INTO developer_api_portal.event_contract (event_name, event_version, tmf_api, tmf_resource, source_table, event_type, event_key_strategy, payload_basis, consumer_notes) VALUES ('developer_api_portal.provisioning_artifact.deleted', 'v1', 'TMF705', 'provisioningArtifact', 'developer_api_portal.sandbox_mock_scenario', 'deleted', 'tenant_id + canonical_id + version', 'typed columns + tmf_payload snapshot', 'Register concrete consumers during integration design') ON CONFLICT (event_name, event_version) DO UPDATE SET source_table = EXCLUDED.source_table, payload_basis = EXCLUDED.payload_basis, updated_at = now();
INSERT INTO developer_api_portal.tmf_api_resource_map (tmf_api, tmf_resource, resource_path, anchor_table, field_strategy, local_spec_path, promoted_fields) VALUES ('TMF705', 'testResourceAPI', '/testResourceAPI', 'sandbox_mock_scenario', 'Promote common TMF lifecycle/reference fields; store remaining validated resource fields in tmf_payload and characteristics tables.', 'references/tmforum-open-apis/openapi-specs/TMF705_TestEnvironment/TMF705_Test_Environment_Management_API_v4.0.0_swagger.json', '["id", "href", "description", "version", "versionDescription", "agreement", "attribute", "relatedParty", "state", "testResourceAPIDefinition", "@baseType", "@schemaLocation", "@type"]'::jsonb) ON CONFLICT (tmf_api, tmf_resource, anchor_table) DO UPDATE SET field_strategy = EXCLUDED.field_strategy, local_spec_path = EXCLUDED.local_spec_path, promoted_fields = EXCLUDED.promoted_fields, updated_at = now();
INSERT INTO developer_api_portal.event_contract (event_name, event_version, tmf_api, tmf_resource, source_table, event_type, event_key_strategy, payload_basis, consumer_notes) VALUES ('developer_api_portal.test_resource_api.created', 'v1', 'TMF705', 'testResourceAPI', 'developer_api_portal.sandbox_mock_scenario', 'created', 'tenant_id + canonical_id + version', 'typed columns + tmf_payload snapshot', 'Register concrete consumers during integration design') ON CONFLICT (event_name, event_version) DO UPDATE SET source_table = EXCLUDED.source_table, payload_basis = EXCLUDED.payload_basis, updated_at = now();
INSERT INTO developer_api_portal.event_contract (event_name, event_version, tmf_api, tmf_resource, source_table, event_type, event_key_strategy, payload_basis, consumer_notes) VALUES ('developer_api_portal.test_resource_api.updated', 'v1', 'TMF705', 'testResourceAPI', 'developer_api_portal.sandbox_mock_scenario', 'updated', 'tenant_id + canonical_id + version', 'typed columns + tmf_payload snapshot', 'Register concrete consumers during integration design') ON CONFLICT (event_name, event_version) DO UPDATE SET source_table = EXCLUDED.source_table, payload_basis = EXCLUDED.payload_basis, updated_at = now();
INSERT INTO developer_api_portal.event_contract (event_name, event_version, tmf_api, tmf_resource, source_table, event_type, event_key_strategy, payload_basis, consumer_notes) VALUES ('developer_api_portal.test_resource_api.stateChanged', 'v1', 'TMF705', 'testResourceAPI', 'developer_api_portal.sandbox_mock_scenario', 'stateChanged', 'tenant_id + canonical_id + version', 'typed columns + tmf_payload snapshot', 'Register concrete consumers during integration design') ON CONFLICT (event_name, event_version) DO UPDATE SET source_table = EXCLUDED.source_table, payload_basis = EXCLUDED.payload_basis, updated_at = now();
INSERT INTO developer_api_portal.event_contract (event_name, event_version, tmf_api, tmf_resource, source_table, event_type, event_key_strategy, payload_basis, consumer_notes) VALUES ('developer_api_portal.test_resource_api.deleted', 'v1', 'TMF705', 'testResourceAPI', 'developer_api_portal.sandbox_mock_scenario', 'deleted', 'tenant_id + canonical_id + version', 'typed columns + tmf_payload snapshot', 'Register concrete consumers during integration design') ON CONFLICT (event_name, event_version) DO UPDATE SET source_table = EXCLUDED.source_table, payload_basis = EXCLUDED.payload_basis, updated_at = now();
INSERT INTO developer_api_portal.tmf_api_resource_map (tmf_api, tmf_resource, resource_path, anchor_table, field_strategy, local_spec_path, promoted_fields) VALUES ('TMF628', 'measurementCollectionJob', '/measurementCollectionJob', 'portal_api_analytics_summary', 'Promote common TMF lifecycle/reference fields; store remaining validated resource fields in tmf_payload and characteristics tables.', 'references/tmforum-open-apis/openapi-specs/TMF628_Performance/TMF628-Performance-v4.0.0.swagger.json', '["id", "href", "consumingApplicationId", "creationTime", "jobId", "jobPriority", "lastModifiedTime", "outputFormat", "producingApplicationId", "adminState", "executionState", "fileTransferData", "granularity", "monitoredClassCriteria", "monitoredInstancesCriteria", "performanceIndicatorGroupSpecification"]'::jsonb) ON CONFLICT (tmf_api, tmf_resource, anchor_table) DO UPDATE SET field_strategy = EXCLUDED.field_strategy, local_spec_path = EXCLUDED.local_spec_path, promoted_fields = EXCLUDED.promoted_fields, updated_at = now();
INSERT INTO developer_api_portal.event_contract (event_name, event_version, tmf_api, tmf_resource, source_table, event_type, event_key_strategy, payload_basis, consumer_notes) VALUES ('developer_api_portal.measurement_collection_job.created', 'v1', 'TMF628', 'measurementCollectionJob', 'developer_api_portal.portal_api_analytics_summary', 'created', 'tenant_id + canonical_id + version', 'typed columns + tmf_payload snapshot', 'Register concrete consumers during integration design') ON CONFLICT (event_name, event_version) DO UPDATE SET source_table = EXCLUDED.source_table, payload_basis = EXCLUDED.payload_basis, updated_at = now();
INSERT INTO developer_api_portal.event_contract (event_name, event_version, tmf_api, tmf_resource, source_table, event_type, event_key_strategy, payload_basis, consumer_notes) VALUES ('developer_api_portal.measurement_collection_job.updated', 'v1', 'TMF628', 'measurementCollectionJob', 'developer_api_portal.portal_api_analytics_summary', 'updated', 'tenant_id + canonical_id + version', 'typed columns + tmf_payload snapshot', 'Register concrete consumers during integration design') ON CONFLICT (event_name, event_version) DO UPDATE SET source_table = EXCLUDED.source_table, payload_basis = EXCLUDED.payload_basis, updated_at = now();
INSERT INTO developer_api_portal.event_contract (event_name, event_version, tmf_api, tmf_resource, source_table, event_type, event_key_strategy, payload_basis, consumer_notes) VALUES ('developer_api_portal.measurement_collection_job.stateChanged', 'v1', 'TMF628', 'measurementCollectionJob', 'developer_api_portal.portal_api_analytics_summary', 'stateChanged', 'tenant_id + canonical_id + version', 'typed columns + tmf_payload snapshot', 'Register concrete consumers during integration design') ON CONFLICT (event_name, event_version) DO UPDATE SET source_table = EXCLUDED.source_table, payload_basis = EXCLUDED.payload_basis, updated_at = now();
INSERT INTO developer_api_portal.event_contract (event_name, event_version, tmf_api, tmf_resource, source_table, event_type, event_key_strategy, payload_basis, consumer_notes) VALUES ('developer_api_portal.measurement_collection_job.deleted', 'v1', 'TMF628', 'measurementCollectionJob', 'developer_api_portal.portal_api_analytics_summary', 'deleted', 'tenant_id + canonical_id + version', 'typed columns + tmf_payload snapshot', 'Register concrete consumers during integration design') ON CONFLICT (event_name, event_version) DO UPDATE SET source_table = EXCLUDED.source_table, payload_basis = EXCLUDED.payload_basis, updated_at = now();
INSERT INTO developer_api_portal.tmf_api_resource_map (tmf_api, tmf_resource, resource_path, anchor_table, field_strategy, local_spec_path, promoted_fields) VALUES ('TMF628', 'onDemandCollection', '/onDemandCollection', 'portal_api_analytics_summary', 'Promote common TMF lifecycle/reference fields; store remaining validated resource fields in tmf_payload and characteristics tables.', 'references/tmforum-open-apis/openapi-specs/TMF628_Performance/TMF628-Performance-v4.0.0.swagger.json', '["id", "href", "consumingApplicationId", "creationTime", "jobId", "jobPriority", "lastModifiedTime", "outputFormat", "producingApplicationId", "adminState", "collectionPeriod", "executionState", "fileTransferData", "granulatiry", "monitoredClassCriteria", "monitoredInstancesCriteria"]'::jsonb) ON CONFLICT (tmf_api, tmf_resource, anchor_table) DO UPDATE SET field_strategy = EXCLUDED.field_strategy, local_spec_path = EXCLUDED.local_spec_path, promoted_fields = EXCLUDED.promoted_fields, updated_at = now();
INSERT INTO developer_api_portal.event_contract (event_name, event_version, tmf_api, tmf_resource, source_table, event_type, event_key_strategy, payload_basis, consumer_notes) VALUES ('developer_api_portal.on_demand_collection.created', 'v1', 'TMF628', 'onDemandCollection', 'developer_api_portal.portal_api_analytics_summary', 'created', 'tenant_id + canonical_id + version', 'typed columns + tmf_payload snapshot', 'Register concrete consumers during integration design') ON CONFLICT (event_name, event_version) DO UPDATE SET source_table = EXCLUDED.source_table, payload_basis = EXCLUDED.payload_basis, updated_at = now();
INSERT INTO developer_api_portal.event_contract (event_name, event_version, tmf_api, tmf_resource, source_table, event_type, event_key_strategy, payload_basis, consumer_notes) VALUES ('developer_api_portal.on_demand_collection.updated', 'v1', 'TMF628', 'onDemandCollection', 'developer_api_portal.portal_api_analytics_summary', 'updated', 'tenant_id + canonical_id + version', 'typed columns + tmf_payload snapshot', 'Register concrete consumers during integration design') ON CONFLICT (event_name, event_version) DO UPDATE SET source_table = EXCLUDED.source_table, payload_basis = EXCLUDED.payload_basis, updated_at = now();
INSERT INTO developer_api_portal.event_contract (event_name, event_version, tmf_api, tmf_resource, source_table, event_type, event_key_strategy, payload_basis, consumer_notes) VALUES ('developer_api_portal.on_demand_collection.stateChanged', 'v1', 'TMF628', 'onDemandCollection', 'developer_api_portal.portal_api_analytics_summary', 'stateChanged', 'tenant_id + canonical_id + version', 'typed columns + tmf_payload snapshot', 'Register concrete consumers during integration design') ON CONFLICT (event_name, event_version) DO UPDATE SET source_table = EXCLUDED.source_table, payload_basis = EXCLUDED.payload_basis, updated_at = now();
INSERT INTO developer_api_portal.event_contract (event_name, event_version, tmf_api, tmf_resource, source_table, event_type, event_key_strategy, payload_basis, consumer_notes) VALUES ('developer_api_portal.on_demand_collection.deleted', 'v1', 'TMF628', 'onDemandCollection', 'developer_api_portal.portal_api_analytics_summary', 'deleted', 'tenant_id + canonical_id + version', 'typed columns + tmf_payload snapshot', 'Register concrete consumers during integration design') ON CONFLICT (event_name, event_version) DO UPDATE SET source_table = EXCLUDED.source_table, payload_basis = EXCLUDED.payload_basis, updated_at = now();
INSERT INTO developer_api_portal.tmf_api_resource_map (tmf_api, tmf_resource, resource_path, anchor_table, field_strategy, local_spec_path, promoted_fields) VALUES ('TMF628', 'performanceIndicatorGroupSpecification', '/performanceIndicatorGroupSpecification', 'portal_api_analytics_summary', 'Promote common TMF lifecycle/reference fields; store remaining validated resource fields in tmf_payload and characteristics tables.', 'references/tmforum-open-apis/openapi-specs/TMF628_Performance/TMF628-Performance-v4.0.0.swagger.json', '["id", "href", "name", "performanceIndicatorSpecification", "@baseType", "@schemaLocation", "@type"]'::jsonb) ON CONFLICT (tmf_api, tmf_resource, anchor_table) DO UPDATE SET field_strategy = EXCLUDED.field_strategy, local_spec_path = EXCLUDED.local_spec_path, promoted_fields = EXCLUDED.promoted_fields, updated_at = now();
INSERT INTO developer_api_portal.event_contract (event_name, event_version, tmf_api, tmf_resource, source_table, event_type, event_key_strategy, payload_basis, consumer_notes) VALUES ('developer_api_portal.performance_indicator_group_specification.created', 'v1', 'TMF628', 'performanceIndicatorGroupSpecification', 'developer_api_portal.portal_api_analytics_summary', 'created', 'tenant_id + canonical_id + version', 'typed columns + tmf_payload snapshot', 'Register concrete consumers during integration design') ON CONFLICT (event_name, event_version) DO UPDATE SET source_table = EXCLUDED.source_table, payload_basis = EXCLUDED.payload_basis, updated_at = now();
INSERT INTO developer_api_portal.event_contract (event_name, event_version, tmf_api, tmf_resource, source_table, event_type, event_key_strategy, payload_basis, consumer_notes) VALUES ('developer_api_portal.performance_indicator_group_specification.updated', 'v1', 'TMF628', 'performanceIndicatorGroupSpecification', 'developer_api_portal.portal_api_analytics_summary', 'updated', 'tenant_id + canonical_id + version', 'typed columns + tmf_payload snapshot', 'Register concrete consumers during integration design') ON CONFLICT (event_name, event_version) DO UPDATE SET source_table = EXCLUDED.source_table, payload_basis = EXCLUDED.payload_basis, updated_at = now();
INSERT INTO developer_api_portal.event_contract (event_name, event_version, tmf_api, tmf_resource, source_table, event_type, event_key_strategy, payload_basis, consumer_notes) VALUES ('developer_api_portal.performance_indicator_group_specification.stateChanged', 'v1', 'TMF628', 'performanceIndicatorGroupSpecification', 'developer_api_portal.portal_api_analytics_summary', 'stateChanged', 'tenant_id + canonical_id + version', 'typed columns + tmf_payload snapshot', 'Register concrete consumers during integration design') ON CONFLICT (event_name, event_version) DO UPDATE SET source_table = EXCLUDED.source_table, payload_basis = EXCLUDED.payload_basis, updated_at = now();
INSERT INTO developer_api_portal.event_contract (event_name, event_version, tmf_api, tmf_resource, source_table, event_type, event_key_strategy, payload_basis, consumer_notes) VALUES ('developer_api_portal.performance_indicator_group_specification.deleted', 'v1', 'TMF628', 'performanceIndicatorGroupSpecification', 'developer_api_portal.portal_api_analytics_summary', 'deleted', 'tenant_id + canonical_id + version', 'typed columns + tmf_payload snapshot', 'Register concrete consumers during integration design') ON CONFLICT (event_name, event_version) DO UPDATE SET source_table = EXCLUDED.source_table, payload_basis = EXCLUDED.payload_basis, updated_at = now();
INSERT INTO developer_api_portal.tmf_api_resource_map (tmf_api, tmf_resource, resource_path, anchor_table, field_strategy, local_spec_path, promoted_fields) VALUES ('TMF628', 'performanceIndicatorSpecification', '/performanceIndicatorSpecification', 'portal_api_analytics_summary', 'Promote common TMF lifecycle/reference fields; store remaining validated resource fields in tmf_payload and characteristics tables.', 'references/tmforum-open-apis/openapi-specs/TMF628_Performance/TMF628-Performance-v4.0.0.swagger.json', '["id", "href", "derivationAlgorithm", "derivationMethod", "description", "indicatorCategory", "indicatorUnit", "name", "perspective", "collectionType", "indicatorType", "performanceIndicatorSpecRelationship", "validFor", "@baseType", "@schemaLocation", "@type"]'::jsonb) ON CONFLICT (tmf_api, tmf_resource, anchor_table) DO UPDATE SET field_strategy = EXCLUDED.field_strategy, local_spec_path = EXCLUDED.local_spec_path, promoted_fields = EXCLUDED.promoted_fields, updated_at = now();
INSERT INTO developer_api_portal.event_contract (event_name, event_version, tmf_api, tmf_resource, source_table, event_type, event_key_strategy, payload_basis, consumer_notes) VALUES ('developer_api_portal.performance_indicator_specification.created', 'v1', 'TMF628', 'performanceIndicatorSpecification', 'developer_api_portal.portal_api_analytics_summary', 'created', 'tenant_id + canonical_id + version', 'typed columns + tmf_payload snapshot', 'Register concrete consumers during integration design') ON CONFLICT (event_name, event_version) DO UPDATE SET source_table = EXCLUDED.source_table, payload_basis = EXCLUDED.payload_basis, updated_at = now();
INSERT INTO developer_api_portal.event_contract (event_name, event_version, tmf_api, tmf_resource, source_table, event_type, event_key_strategy, payload_basis, consumer_notes) VALUES ('developer_api_portal.performance_indicator_specification.updated', 'v1', 'TMF628', 'performanceIndicatorSpecification', 'developer_api_portal.portal_api_analytics_summary', 'updated', 'tenant_id + canonical_id + version', 'typed columns + tmf_payload snapshot', 'Register concrete consumers during integration design') ON CONFLICT (event_name, event_version) DO UPDATE SET source_table = EXCLUDED.source_table, payload_basis = EXCLUDED.payload_basis, updated_at = now();
INSERT INTO developer_api_portal.event_contract (event_name, event_version, tmf_api, tmf_resource, source_table, event_type, event_key_strategy, payload_basis, consumer_notes) VALUES ('developer_api_portal.performance_indicator_specification.stateChanged', 'v1', 'TMF628', 'performanceIndicatorSpecification', 'developer_api_portal.portal_api_analytics_summary', 'stateChanged', 'tenant_id + canonical_id + version', 'typed columns + tmf_payload snapshot', 'Register concrete consumers during integration design') ON CONFLICT (event_name, event_version) DO UPDATE SET source_table = EXCLUDED.source_table, payload_basis = EXCLUDED.payload_basis, updated_at = now();
INSERT INTO developer_api_portal.event_contract (event_name, event_version, tmf_api, tmf_resource, source_table, event_type, event_key_strategy, payload_basis, consumer_notes) VALUES ('developer_api_portal.performance_indicator_specification.deleted', 'v1', 'TMF628', 'performanceIndicatorSpecification', 'developer_api_portal.portal_api_analytics_summary', 'deleted', 'tenant_id + canonical_id + version', 'typed columns + tmf_payload snapshot', 'Register concrete consumers during integration design') ON CONFLICT (event_name, event_version) DO UPDATE SET source_table = EXCLUDED.source_table, payload_basis = EXCLUDED.payload_basis, updated_at = now();
INSERT INTO developer_api_portal.tmf_api_resource_map (tmf_api, tmf_resource, resource_path, anchor_table, field_strategy, local_spec_path, promoted_fields) VALUES ('TMF628', 'trackingRecord', '/trackingRecord', 'portal_api_analytics_summary', 'Promote common TMF lifecycle/reference fields; store remaining validated resource fields in tmf_payload and characteristics tables.', 'references/tmforum-open-apis/openapi-specs/TMF628_Performance/TMF628-Performance-v4.0.0.swagger.json', '["id", "description", "systemId", "time", "user", "characteristic", "@baseType", "@schemaLocation", "@type"]'::jsonb) ON CONFLICT (tmf_api, tmf_resource, anchor_table) DO UPDATE SET field_strategy = EXCLUDED.field_strategy, local_spec_path = EXCLUDED.local_spec_path, promoted_fields = EXCLUDED.promoted_fields, updated_at = now();
INSERT INTO developer_api_portal.event_contract (event_name, event_version, tmf_api, tmf_resource, source_table, event_type, event_key_strategy, payload_basis, consumer_notes) VALUES ('developer_api_portal.tracking_record.created', 'v1', 'TMF628', 'trackingRecord', 'developer_api_portal.portal_api_analytics_summary', 'created', 'tenant_id + canonical_id + version', 'typed columns + tmf_payload snapshot', 'Register concrete consumers during integration design') ON CONFLICT (event_name, event_version) DO UPDATE SET source_table = EXCLUDED.source_table, payload_basis = EXCLUDED.payload_basis, updated_at = now();
INSERT INTO developer_api_portal.event_contract (event_name, event_version, tmf_api, tmf_resource, source_table, event_type, event_key_strategy, payload_basis, consumer_notes) VALUES ('developer_api_portal.tracking_record.updated', 'v1', 'TMF628', 'trackingRecord', 'developer_api_portal.portal_api_analytics_summary', 'updated', 'tenant_id + canonical_id + version', 'typed columns + tmf_payload snapshot', 'Register concrete consumers during integration design') ON CONFLICT (event_name, event_version) DO UPDATE SET source_table = EXCLUDED.source_table, payload_basis = EXCLUDED.payload_basis, updated_at = now();
INSERT INTO developer_api_portal.event_contract (event_name, event_version, tmf_api, tmf_resource, source_table, event_type, event_key_strategy, payload_basis, consumer_notes) VALUES ('developer_api_portal.tracking_record.stateChanged', 'v1', 'TMF628', 'trackingRecord', 'developer_api_portal.portal_api_analytics_summary', 'stateChanged', 'tenant_id + canonical_id + version', 'typed columns + tmf_payload snapshot', 'Register concrete consumers during integration design') ON CONFLICT (event_name, event_version) DO UPDATE SET source_table = EXCLUDED.source_table, payload_basis = EXCLUDED.payload_basis, updated_at = now();
INSERT INTO developer_api_portal.event_contract (event_name, event_version, tmf_api, tmf_resource, source_table, event_type, event_key_strategy, payload_basis, consumer_notes) VALUES ('developer_api_portal.tracking_record.deleted', 'v1', 'TMF628', 'trackingRecord', 'developer_api_portal.portal_api_analytics_summary', 'deleted', 'tenant_id + canonical_id + version', 'typed columns + tmf_payload snapshot', 'Register concrete consumers during integration design') ON CONFLICT (event_name, event_version) DO UPDATE SET source_table = EXCLUDED.source_table, payload_basis = EXCLUDED.payload_basis, updated_at = now();
INSERT INTO developer_api_portal.tmf_api_resource_map (tmf_api, tmf_resource, resource_path, anchor_table, field_strategy, local_spec_path, promoted_fields) VALUES ('TMF657', 'serviceLevelObjective', '/serviceLevelObjective', 'portal_api_analytics_summary', 'Promote common TMF lifecycle/reference fields; store remaining validated resource fields in tmf_payload and characteristics tables.', 'references/tmforum-open-apis/openapi-specs/TMF657_ServiceQualityManagement/TMF657_Service_Quality_Management_Management_API_v4.0.0_swagger.json', '["id", "href", "conformanceComparator", "conformanceTarget", "graceTimes", "name", "thresholdTarget", "toleranceTarget", "conformancePeriod", "serviceLevelObjectiveConsequence", "serviceLevelObjectiveParameter", "tolerancePeriod", "validFor", "@baseType", "@schemaLocation", "@type"]'::jsonb) ON CONFLICT (tmf_api, tmf_resource, anchor_table) DO UPDATE SET field_strategy = EXCLUDED.field_strategy, local_spec_path = EXCLUDED.local_spec_path, promoted_fields = EXCLUDED.promoted_fields, updated_at = now();
INSERT INTO developer_api_portal.event_contract (event_name, event_version, tmf_api, tmf_resource, source_table, event_type, event_key_strategy, payload_basis, consumer_notes) VALUES ('developer_api_portal.service_level_objective.created', 'v1', 'TMF657', 'serviceLevelObjective', 'developer_api_portal.portal_api_analytics_summary', 'created', 'tenant_id + canonical_id + version', 'typed columns + tmf_payload snapshot', 'Register concrete consumers during integration design') ON CONFLICT (event_name, event_version) DO UPDATE SET source_table = EXCLUDED.source_table, payload_basis = EXCLUDED.payload_basis, updated_at = now();
INSERT INTO developer_api_portal.event_contract (event_name, event_version, tmf_api, tmf_resource, source_table, event_type, event_key_strategy, payload_basis, consumer_notes) VALUES ('developer_api_portal.service_level_objective.updated', 'v1', 'TMF657', 'serviceLevelObjective', 'developer_api_portal.portal_api_analytics_summary', 'updated', 'tenant_id + canonical_id + version', 'typed columns + tmf_payload snapshot', 'Register concrete consumers during integration design') ON CONFLICT (event_name, event_version) DO UPDATE SET source_table = EXCLUDED.source_table, payload_basis = EXCLUDED.payload_basis, updated_at = now();
INSERT INTO developer_api_portal.event_contract (event_name, event_version, tmf_api, tmf_resource, source_table, event_type, event_key_strategy, payload_basis, consumer_notes) VALUES ('developer_api_portal.service_level_objective.stateChanged', 'v1', 'TMF657', 'serviceLevelObjective', 'developer_api_portal.portal_api_analytics_summary', 'stateChanged', 'tenant_id + canonical_id + version', 'typed columns + tmf_payload snapshot', 'Register concrete consumers during integration design') ON CONFLICT (event_name, event_version) DO UPDATE SET source_table = EXCLUDED.source_table, payload_basis = EXCLUDED.payload_basis, updated_at = now();
INSERT INTO developer_api_portal.event_contract (event_name, event_version, tmf_api, tmf_resource, source_table, event_type, event_key_strategy, payload_basis, consumer_notes) VALUES ('developer_api_portal.service_level_objective.deleted', 'v1', 'TMF657', 'serviceLevelObjective', 'developer_api_portal.portal_api_analytics_summary', 'deleted', 'tenant_id + canonical_id + version', 'typed columns + tmf_payload snapshot', 'Register concrete consumers during integration design') ON CONFLICT (event_name, event_version) DO UPDATE SET source_table = EXCLUDED.source_table, payload_basis = EXCLUDED.payload_basis, updated_at = now();
INSERT INTO developer_api_portal.tmf_api_resource_map (tmf_api, tmf_resource, resource_path, anchor_table, field_strategy, local_spec_path, promoted_fields) VALUES ('TMF657', 'serviceLevelSpecification', '/serviceLevelSpecification', 'portal_api_analytics_summary', 'Promote common TMF lifecycle/reference fields; store remaining validated resource fields in tmf_payload and characteristics tables.', 'references/tmforum-open-apis/openapi-specs/TMF657_ServiceQualityManagement/TMF657_Service_Quality_Management_Management_API_v4.0.0_swagger.json', '["id", "href", "description", "name", "relatedServiceLevelObjective", "validFor", "@baseType", "@schemaLocation", "@type"]'::jsonb) ON CONFLICT (tmf_api, tmf_resource, anchor_table) DO UPDATE SET field_strategy = EXCLUDED.field_strategy, local_spec_path = EXCLUDED.local_spec_path, promoted_fields = EXCLUDED.promoted_fields, updated_at = now();
INSERT INTO developer_api_portal.event_contract (event_name, event_version, tmf_api, tmf_resource, source_table, event_type, event_key_strategy, payload_basis, consumer_notes) VALUES ('developer_api_portal.service_level_specification.created', 'v1', 'TMF657', 'serviceLevelSpecification', 'developer_api_portal.portal_api_analytics_summary', 'created', 'tenant_id + canonical_id + version', 'typed columns + tmf_payload snapshot', 'Register concrete consumers during integration design') ON CONFLICT (event_name, event_version) DO UPDATE SET source_table = EXCLUDED.source_table, payload_basis = EXCLUDED.payload_basis, updated_at = now();
INSERT INTO developer_api_portal.event_contract (event_name, event_version, tmf_api, tmf_resource, source_table, event_type, event_key_strategy, payload_basis, consumer_notes) VALUES ('developer_api_portal.service_level_specification.updated', 'v1', 'TMF657', 'serviceLevelSpecification', 'developer_api_portal.portal_api_analytics_summary', 'updated', 'tenant_id + canonical_id + version', 'typed columns + tmf_payload snapshot', 'Register concrete consumers during integration design') ON CONFLICT (event_name, event_version) DO UPDATE SET source_table = EXCLUDED.source_table, payload_basis = EXCLUDED.payload_basis, updated_at = now();
INSERT INTO developer_api_portal.event_contract (event_name, event_version, tmf_api, tmf_resource, source_table, event_type, event_key_strategy, payload_basis, consumer_notes) VALUES ('developer_api_portal.service_level_specification.stateChanged', 'v1', 'TMF657', 'serviceLevelSpecification', 'developer_api_portal.portal_api_analytics_summary', 'stateChanged', 'tenant_id + canonical_id + version', 'typed columns + tmf_payload snapshot', 'Register concrete consumers during integration design') ON CONFLICT (event_name, event_version) DO UPDATE SET source_table = EXCLUDED.source_table, payload_basis = EXCLUDED.payload_basis, updated_at = now();
INSERT INTO developer_api_portal.event_contract (event_name, event_version, tmf_api, tmf_resource, source_table, event_type, event_key_strategy, payload_basis, consumer_notes) VALUES ('developer_api_portal.service_level_specification.deleted', 'v1', 'TMF657', 'serviceLevelSpecification', 'developer_api_portal.portal_api_analytics_summary', 'deleted', 'tenant_id + canonical_id + version', 'typed columns + tmf_payload snapshot', 'Register concrete consumers during integration design') ON CONFLICT (event_name, event_version) DO UPDATE SET source_table = EXCLUDED.source_table, payload_basis = EXCLUDED.payload_basis, updated_at = now();
INSERT INTO developer_api_portal.tmf_api_resource_map (tmf_api, tmf_resource, resource_path, anchor_table, field_strategy, local_spec_path, promoted_fields) VALUES ('TMF708', 'nonFunctionalTestExecution', '/nonFunctionalTestExecution', 'developer_organization', 'Promote common TMF lifecycle/reference fields; store remaining validated resource fields in tmf_payload and characteristics tables.', 'references/tmforum-open-apis/openapi-specs/TMF708_TestExecution/TMF708_Test_Execution_Management_API_v4.0.0_swagger.json', '["id", "href", "dataCorrelationId", "generalTestArtifact", "nonFunctionalTestModel", "state", "testDataInstance", "testEnvironmentProvisioningExecution", "@baseType", "@schemaLocation", "@type"]'::jsonb) ON CONFLICT (tmf_api, tmf_resource, anchor_table) DO UPDATE SET field_strategy = EXCLUDED.field_strategy, local_spec_path = EXCLUDED.local_spec_path, promoted_fields = EXCLUDED.promoted_fields, updated_at = now();
INSERT INTO developer_api_portal.event_contract (event_name, event_version, tmf_api, tmf_resource, source_table, event_type, event_key_strategy, payload_basis, consumer_notes) VALUES ('developer_api_portal.non_functional_test_execution.created', 'v1', 'TMF708', 'nonFunctionalTestExecution', 'developer_api_portal.developer_organization', 'created', 'tenant_id + canonical_id + version', 'typed columns + tmf_payload snapshot', 'Register concrete consumers during integration design') ON CONFLICT (event_name, event_version) DO UPDATE SET source_table = EXCLUDED.source_table, payload_basis = EXCLUDED.payload_basis, updated_at = now();
INSERT INTO developer_api_portal.event_contract (event_name, event_version, tmf_api, tmf_resource, source_table, event_type, event_key_strategy, payload_basis, consumer_notes) VALUES ('developer_api_portal.non_functional_test_execution.updated', 'v1', 'TMF708', 'nonFunctionalTestExecution', 'developer_api_portal.developer_organization', 'updated', 'tenant_id + canonical_id + version', 'typed columns + tmf_payload snapshot', 'Register concrete consumers during integration design') ON CONFLICT (event_name, event_version) DO UPDATE SET source_table = EXCLUDED.source_table, payload_basis = EXCLUDED.payload_basis, updated_at = now();
INSERT INTO developer_api_portal.event_contract (event_name, event_version, tmf_api, tmf_resource, source_table, event_type, event_key_strategy, payload_basis, consumer_notes) VALUES ('developer_api_portal.non_functional_test_execution.stateChanged', 'v1', 'TMF708', 'nonFunctionalTestExecution', 'developer_api_portal.developer_organization', 'stateChanged', 'tenant_id + canonical_id + version', 'typed columns + tmf_payload snapshot', 'Register concrete consumers during integration design') ON CONFLICT (event_name, event_version) DO UPDATE SET source_table = EXCLUDED.source_table, payload_basis = EXCLUDED.payload_basis, updated_at = now();
INSERT INTO developer_api_portal.event_contract (event_name, event_version, tmf_api, tmf_resource, source_table, event_type, event_key_strategy, payload_basis, consumer_notes) VALUES ('developer_api_portal.non_functional_test_execution.deleted', 'v1', 'TMF708', 'nonFunctionalTestExecution', 'developer_api_portal.developer_organization', 'deleted', 'tenant_id + canonical_id + version', 'typed columns + tmf_payload snapshot', 'Register concrete consumers during integration design') ON CONFLICT (event_name, event_version) DO UPDATE SET source_table = EXCLUDED.source_table, payload_basis = EXCLUDED.payload_basis, updated_at = now();
INSERT INTO developer_api_portal.tmf_api_resource_map (tmf_api, tmf_resource, resource_path, anchor_table, field_strategy, local_spec_path, promoted_fields) VALUES ('TMF708', 'testCaseExecution', '/testCaseExecution', 'developer_organization', 'Promote common TMF lifecycle/reference fields; store remaining validated resource fields in tmf_payload and characteristics tables.', 'references/tmforum-open-apis/openapi-specs/TMF708_TestExecution/TMF708_Test_Execution_Management_API_v4.0.0_swagger.json', '["id", "href", "dataCorrelationId", "generalTestArtifact", "state", "testCase", "testDataInstance", "testEnvironmentProvisioningExecution", "@baseType", "@schemaLocation", "@type"]'::jsonb) ON CONFLICT (tmf_api, tmf_resource, anchor_table) DO UPDATE SET field_strategy = EXCLUDED.field_strategy, local_spec_path = EXCLUDED.local_spec_path, promoted_fields = EXCLUDED.promoted_fields, updated_at = now();
INSERT INTO developer_api_portal.event_contract (event_name, event_version, tmf_api, tmf_resource, source_table, event_type, event_key_strategy, payload_basis, consumer_notes) VALUES ('developer_api_portal.test_case_execution.created', 'v1', 'TMF708', 'testCaseExecution', 'developer_api_portal.developer_organization', 'created', 'tenant_id + canonical_id + version', 'typed columns + tmf_payload snapshot', 'Register concrete consumers during integration design') ON CONFLICT (event_name, event_version) DO UPDATE SET source_table = EXCLUDED.source_table, payload_basis = EXCLUDED.payload_basis, updated_at = now();
INSERT INTO developer_api_portal.event_contract (event_name, event_version, tmf_api, tmf_resource, source_table, event_type, event_key_strategy, payload_basis, consumer_notes) VALUES ('developer_api_portal.test_case_execution.updated', 'v1', 'TMF708', 'testCaseExecution', 'developer_api_portal.developer_organization', 'updated', 'tenant_id + canonical_id + version', 'typed columns + tmf_payload snapshot', 'Register concrete consumers during integration design') ON CONFLICT (event_name, event_version) DO UPDATE SET source_table = EXCLUDED.source_table, payload_basis = EXCLUDED.payload_basis, updated_at = now();
INSERT INTO developer_api_portal.event_contract (event_name, event_version, tmf_api, tmf_resource, source_table, event_type, event_key_strategy, payload_basis, consumer_notes) VALUES ('developer_api_portal.test_case_execution.stateChanged', 'v1', 'TMF708', 'testCaseExecution', 'developer_api_portal.developer_organization', 'stateChanged', 'tenant_id + canonical_id + version', 'typed columns + tmf_payload snapshot', 'Register concrete consumers during integration design') ON CONFLICT (event_name, event_version) DO UPDATE SET source_table = EXCLUDED.source_table, payload_basis = EXCLUDED.payload_basis, updated_at = now();
INSERT INTO developer_api_portal.event_contract (event_name, event_version, tmf_api, tmf_resource, source_table, event_type, event_key_strategy, payload_basis, consumer_notes) VALUES ('developer_api_portal.test_case_execution.deleted', 'v1', 'TMF708', 'testCaseExecution', 'developer_api_portal.developer_organization', 'deleted', 'tenant_id + canonical_id + version', 'typed columns + tmf_payload snapshot', 'Register concrete consumers during integration design') ON CONFLICT (event_name, event_version) DO UPDATE SET source_table = EXCLUDED.source_table, payload_basis = EXCLUDED.payload_basis, updated_at = now();
INSERT INTO developer_api_portal.tmf_api_resource_map (tmf_api, tmf_resource, resource_path, anchor_table, field_strategy, local_spec_path, promoted_fields) VALUES ('TMF708', 'testEnvironmentAllocationExecution', '/testEnvironmentAllocationExecution', 'developer_organization', 'Promote common TMF lifecycle/reference fields; store remaining validated resource fields in tmf_payload and characteristics tables.', 'references/tmforum-open-apis/openapi-specs/TMF708_TestExecution/TMF708_Test_Execution_Management_API_v4.0.0_swagger.json', '["id", "href", "dataCorrelationId", "resourceManagerUrl", "abstractEnvironment", "concreteResourceMapping", "generalTestArtifact", "state", "testScenario", "@baseType", "@schemaLocation", "@type"]'::jsonb) ON CONFLICT (tmf_api, tmf_resource, anchor_table) DO UPDATE SET field_strategy = EXCLUDED.field_strategy, local_spec_path = EXCLUDED.local_spec_path, promoted_fields = EXCLUDED.promoted_fields, updated_at = now();
INSERT INTO developer_api_portal.event_contract (event_name, event_version, tmf_api, tmf_resource, source_table, event_type, event_key_strategy, payload_basis, consumer_notes) VALUES ('developer_api_portal.test_environment_allocation_execution.created', 'v1', 'TMF708', 'testEnvironmentAllocationExecution', 'developer_api_portal.developer_organization', 'created', 'tenant_id + canonical_id + version', 'typed columns + tmf_payload snapshot', 'Register concrete consumers during integration design') ON CONFLICT (event_name, event_version) DO UPDATE SET source_table = EXCLUDED.source_table, payload_basis = EXCLUDED.payload_basis, updated_at = now();
INSERT INTO developer_api_portal.event_contract (event_name, event_version, tmf_api, tmf_resource, source_table, event_type, event_key_strategy, payload_basis, consumer_notes) VALUES ('developer_api_portal.test_environment_allocation_execution.updated', 'v1', 'TMF708', 'testEnvironmentAllocationExecution', 'developer_api_portal.developer_organization', 'updated', 'tenant_id + canonical_id + version', 'typed columns + tmf_payload snapshot', 'Register concrete consumers during integration design') ON CONFLICT (event_name, event_version) DO UPDATE SET source_table = EXCLUDED.source_table, payload_basis = EXCLUDED.payload_basis, updated_at = now();
INSERT INTO developer_api_portal.event_contract (event_name, event_version, tmf_api, tmf_resource, source_table, event_type, event_key_strategy, payload_basis, consumer_notes) VALUES ('developer_api_portal.test_environment_allocation_execution.stateChanged', 'v1', 'TMF708', 'testEnvironmentAllocationExecution', 'developer_api_portal.developer_organization', 'stateChanged', 'tenant_id + canonical_id + version', 'typed columns + tmf_payload snapshot', 'Register concrete consumers during integration design') ON CONFLICT (event_name, event_version) DO UPDATE SET source_table = EXCLUDED.source_table, payload_basis = EXCLUDED.payload_basis, updated_at = now();
INSERT INTO developer_api_portal.event_contract (event_name, event_version, tmf_api, tmf_resource, source_table, event_type, event_key_strategy, payload_basis, consumer_notes) VALUES ('developer_api_portal.test_environment_allocation_execution.deleted', 'v1', 'TMF708', 'testEnvironmentAllocationExecution', 'developer_api_portal.developer_organization', 'deleted', 'tenant_id + canonical_id + version', 'typed columns + tmf_payload snapshot', 'Register concrete consumers during integration design') ON CONFLICT (event_name, event_version) DO UPDATE SET source_table = EXCLUDED.source_table, payload_basis = EXCLUDED.payload_basis, updated_at = now();
INSERT INTO developer_api_portal.tmf_api_resource_map (tmf_api, tmf_resource, resource_path, anchor_table, field_strategy, local_spec_path, promoted_fields) VALUES ('TMF708', 'testEnvironmentProvisioningExecution', '/testEnvironmentProvisioningExecution', 'developer_organization', 'Promote common TMF lifecycle/reference fields; store remaining validated resource fields in tmf_payload and characteristics tables.', 'references/tmforum-open-apis/openapi-specs/TMF708_TestExecution/TMF708_Test_Execution_Management_API_v4.0.0_swagger.json', '["id", "href", "dataCorrelationId", "generalTestArtifact", "provisioningArtifact", "state", "testEnvironmentAllocationExecution", "@baseType", "@schemaLocation", "@type"]'::jsonb) ON CONFLICT (tmf_api, tmf_resource, anchor_table) DO UPDATE SET field_strategy = EXCLUDED.field_strategy, local_spec_path = EXCLUDED.local_spec_path, promoted_fields = EXCLUDED.promoted_fields, updated_at = now();
INSERT INTO developer_api_portal.event_contract (event_name, event_version, tmf_api, tmf_resource, source_table, event_type, event_key_strategy, payload_basis, consumer_notes) VALUES ('developer_api_portal.test_environment_provisioning_execution.created', 'v1', 'TMF708', 'testEnvironmentProvisioningExecution', 'developer_api_portal.developer_organization', 'created', 'tenant_id + canonical_id + version', 'typed columns + tmf_payload snapshot', 'Register concrete consumers during integration design') ON CONFLICT (event_name, event_version) DO UPDATE SET source_table = EXCLUDED.source_table, payload_basis = EXCLUDED.payload_basis, updated_at = now();
INSERT INTO developer_api_portal.event_contract (event_name, event_version, tmf_api, tmf_resource, source_table, event_type, event_key_strategy, payload_basis, consumer_notes) VALUES ('developer_api_portal.test_environment_provisioning_execution.updated', 'v1', 'TMF708', 'testEnvironmentProvisioningExecution', 'developer_api_portal.developer_organization', 'updated', 'tenant_id + canonical_id + version', 'typed columns + tmf_payload snapshot', 'Register concrete consumers during integration design') ON CONFLICT (event_name, event_version) DO UPDATE SET source_table = EXCLUDED.source_table, payload_basis = EXCLUDED.payload_basis, updated_at = now();
INSERT INTO developer_api_portal.event_contract (event_name, event_version, tmf_api, tmf_resource, source_table, event_type, event_key_strategy, payload_basis, consumer_notes) VALUES ('developer_api_portal.test_environment_provisioning_execution.stateChanged', 'v1', 'TMF708', 'testEnvironmentProvisioningExecution', 'developer_api_portal.developer_organization', 'stateChanged', 'tenant_id + canonical_id + version', 'typed columns + tmf_payload snapshot', 'Register concrete consumers during integration design') ON CONFLICT (event_name, event_version) DO UPDATE SET source_table = EXCLUDED.source_table, payload_basis = EXCLUDED.payload_basis, updated_at = now();
INSERT INTO developer_api_portal.event_contract (event_name, event_version, tmf_api, tmf_resource, source_table, event_type, event_key_strategy, payload_basis, consumer_notes) VALUES ('developer_api_portal.test_environment_provisioning_execution.deleted', 'v1', 'TMF708', 'testEnvironmentProvisioningExecution', 'developer_api_portal.developer_organization', 'deleted', 'tenant_id + canonical_id + version', 'typed columns + tmf_payload snapshot', 'Register concrete consumers during integration design') ON CONFLICT (event_name, event_version) DO UPDATE SET source_table = EXCLUDED.source_table, payload_basis = EXCLUDED.payload_basis, updated_at = now();
INSERT INTO developer_api_portal.tmf_api_resource_map (tmf_api, tmf_resource, resource_path, anchor_table, field_strategy, local_spec_path, promoted_fields) VALUES ('TMF708', 'testSuiteExecution', '/testSuiteExecution', 'developer_organization', 'Promote common TMF lifecycle/reference fields; store remaining validated resource fields in tmf_payload and characteristics tables.', 'references/tmforum-open-apis/openapi-specs/TMF708_TestExecution/TMF708_Test_Execution_Management_API_v4.0.0_swagger.json', '["id", "href", "dataCorrelationId", "name", "generalTestArtifact", "state", "testDataInstance", "testEnvironmentProvisioningExecution", "testSuite", "@baseType", "@schemaLocation", "@type", "@referredType"]'::jsonb) ON CONFLICT (tmf_api, tmf_resource, anchor_table) DO UPDATE SET field_strategy = EXCLUDED.field_strategy, local_spec_path = EXCLUDED.local_spec_path, promoted_fields = EXCLUDED.promoted_fields, updated_at = now();
INSERT INTO developer_api_portal.event_contract (event_name, event_version, tmf_api, tmf_resource, source_table, event_type, event_key_strategy, payload_basis, consumer_notes) VALUES ('developer_api_portal.test_suite_execution.created', 'v1', 'TMF708', 'testSuiteExecution', 'developer_api_portal.developer_organization', 'created', 'tenant_id + canonical_id + version', 'typed columns + tmf_payload snapshot', 'Register concrete consumers during integration design') ON CONFLICT (event_name, event_version) DO UPDATE SET source_table = EXCLUDED.source_table, payload_basis = EXCLUDED.payload_basis, updated_at = now();
INSERT INTO developer_api_portal.event_contract (event_name, event_version, tmf_api, tmf_resource, source_table, event_type, event_key_strategy, payload_basis, consumer_notes) VALUES ('developer_api_portal.test_suite_execution.updated', 'v1', 'TMF708', 'testSuiteExecution', 'developer_api_portal.developer_organization', 'updated', 'tenant_id + canonical_id + version', 'typed columns + tmf_payload snapshot', 'Register concrete consumers during integration design') ON CONFLICT (event_name, event_version) DO UPDATE SET source_table = EXCLUDED.source_table, payload_basis = EXCLUDED.payload_basis, updated_at = now();
INSERT INTO developer_api_portal.event_contract (event_name, event_version, tmf_api, tmf_resource, source_table, event_type, event_key_strategy, payload_basis, consumer_notes) VALUES ('developer_api_portal.test_suite_execution.stateChanged', 'v1', 'TMF708', 'testSuiteExecution', 'developer_api_portal.developer_organization', 'stateChanged', 'tenant_id + canonical_id + version', 'typed columns + tmf_payload snapshot', 'Register concrete consumers during integration design') ON CONFLICT (event_name, event_version) DO UPDATE SET source_table = EXCLUDED.source_table, payload_basis = EXCLUDED.payload_basis, updated_at = now();
INSERT INTO developer_api_portal.event_contract (event_name, event_version, tmf_api, tmf_resource, source_table, event_type, event_key_strategy, payload_basis, consumer_notes) VALUES ('developer_api_portal.test_suite_execution.deleted', 'v1', 'TMF708', 'testSuiteExecution', 'developer_api_portal.developer_organization', 'deleted', 'tenant_id + canonical_id + version', 'typed columns + tmf_payload snapshot', 'Register concrete consumers during integration design') ON CONFLICT (event_name, event_version) DO UPDATE SET source_table = EXCLUDED.source_table, payload_basis = EXCLUDED.payload_basis, updated_at = now();
INSERT INTO developer_api_portal.tmf_api_resource_map (tmf_api, tmf_resource, resource_path, anchor_table, field_strategy, local_spec_path, promoted_fields) VALUES ('TMF707', 'nonFunctionalTestResult', '/nonFunctionalTestResult', 'developer_organization', 'Promote common TMF lifecycle/reference fields; store remaining validated resource fields in tmf_payload and characteristics tables.', 'references/tmforum-open-apis/openapi-specs/TMF707_TestResult/TMF707_Test_Result_Management_API_v4.0.0_swagger.json', '["id", "href", "nonFunctionalTestResultDefinition", "testExecution", "@baseType", "@schemaLocation", "@type"]'::jsonb) ON CONFLICT (tmf_api, tmf_resource, anchor_table) DO UPDATE SET field_strategy = EXCLUDED.field_strategy, local_spec_path = EXCLUDED.local_spec_path, promoted_fields = EXCLUDED.promoted_fields, updated_at = now();
INSERT INTO developer_api_portal.event_contract (event_name, event_version, tmf_api, tmf_resource, source_table, event_type, event_key_strategy, payload_basis, consumer_notes) VALUES ('developer_api_portal.non_functional_test_result.created', 'v1', 'TMF707', 'nonFunctionalTestResult', 'developer_api_portal.developer_organization', 'created', 'tenant_id + canonical_id + version', 'typed columns + tmf_payload snapshot', 'Register concrete consumers during integration design') ON CONFLICT (event_name, event_version) DO UPDATE SET source_table = EXCLUDED.source_table, payload_basis = EXCLUDED.payload_basis, updated_at = now();
INSERT INTO developer_api_portal.event_contract (event_name, event_version, tmf_api, tmf_resource, source_table, event_type, event_key_strategy, payload_basis, consumer_notes) VALUES ('developer_api_portal.non_functional_test_result.updated', 'v1', 'TMF707', 'nonFunctionalTestResult', 'developer_api_portal.developer_organization', 'updated', 'tenant_id + canonical_id + version', 'typed columns + tmf_payload snapshot', 'Register concrete consumers during integration design') ON CONFLICT (event_name, event_version) DO UPDATE SET source_table = EXCLUDED.source_table, payload_basis = EXCLUDED.payload_basis, updated_at = now();
INSERT INTO developer_api_portal.event_contract (event_name, event_version, tmf_api, tmf_resource, source_table, event_type, event_key_strategy, payload_basis, consumer_notes) VALUES ('developer_api_portal.non_functional_test_result.stateChanged', 'v1', 'TMF707', 'nonFunctionalTestResult', 'developer_api_portal.developer_organization', 'stateChanged', 'tenant_id + canonical_id + version', 'typed columns + tmf_payload snapshot', 'Register concrete consumers during integration design') ON CONFLICT (event_name, event_version) DO UPDATE SET source_table = EXCLUDED.source_table, payload_basis = EXCLUDED.payload_basis, updated_at = now();
INSERT INTO developer_api_portal.event_contract (event_name, event_version, tmf_api, tmf_resource, source_table, event_type, event_key_strategy, payload_basis, consumer_notes) VALUES ('developer_api_portal.non_functional_test_result.deleted', 'v1', 'TMF707', 'nonFunctionalTestResult', 'developer_api_portal.developer_organization', 'deleted', 'tenant_id + canonical_id + version', 'typed columns + tmf_payload snapshot', 'Register concrete consumers during integration design') ON CONFLICT (event_name, event_version) DO UPDATE SET source_table = EXCLUDED.source_table, payload_basis = EXCLUDED.payload_basis, updated_at = now();
INSERT INTO developer_api_portal.tmf_api_resource_map (tmf_api, tmf_resource, resource_path, anchor_table, field_strategy, local_spec_path, promoted_fields) VALUES ('TMF707', 'testCaseResult', '/testCaseResult', 'developer_organization', 'Promote common TMF lifecycle/reference fields; store remaining validated resource fields in tmf_payload and characteristics tables.', 'references/tmforum-open-apis/openapi-specs/TMF707_TestResult/TMF707_Test_Result_Management_API_v4.0.0_swagger.json', '["id", "href", "testCaseResultDefinition", "testExecution", "@baseType", "@schemaLocation", "@type"]'::jsonb) ON CONFLICT (tmf_api, tmf_resource, anchor_table) DO UPDATE SET field_strategy = EXCLUDED.field_strategy, local_spec_path = EXCLUDED.local_spec_path, promoted_fields = EXCLUDED.promoted_fields, updated_at = now();
INSERT INTO developer_api_portal.event_contract (event_name, event_version, tmf_api, tmf_resource, source_table, event_type, event_key_strategy, payload_basis, consumer_notes) VALUES ('developer_api_portal.test_case_result.created', 'v1', 'TMF707', 'testCaseResult', 'developer_api_portal.developer_organization', 'created', 'tenant_id + canonical_id + version', 'typed columns + tmf_payload snapshot', 'Register concrete consumers during integration design') ON CONFLICT (event_name, event_version) DO UPDATE SET source_table = EXCLUDED.source_table, payload_basis = EXCLUDED.payload_basis, updated_at = now();
INSERT INTO developer_api_portal.event_contract (event_name, event_version, tmf_api, tmf_resource, source_table, event_type, event_key_strategy, payload_basis, consumer_notes) VALUES ('developer_api_portal.test_case_result.updated', 'v1', 'TMF707', 'testCaseResult', 'developer_api_portal.developer_organization', 'updated', 'tenant_id + canonical_id + version', 'typed columns + tmf_payload snapshot', 'Register concrete consumers during integration design') ON CONFLICT (event_name, event_version) DO UPDATE SET source_table = EXCLUDED.source_table, payload_basis = EXCLUDED.payload_basis, updated_at = now();
INSERT INTO developer_api_portal.event_contract (event_name, event_version, tmf_api, tmf_resource, source_table, event_type, event_key_strategy, payload_basis, consumer_notes) VALUES ('developer_api_portal.test_case_result.stateChanged', 'v1', 'TMF707', 'testCaseResult', 'developer_api_portal.developer_organization', 'stateChanged', 'tenant_id + canonical_id + version', 'typed columns + tmf_payload snapshot', 'Register concrete consumers during integration design') ON CONFLICT (event_name, event_version) DO UPDATE SET source_table = EXCLUDED.source_table, payload_basis = EXCLUDED.payload_basis, updated_at = now();
INSERT INTO developer_api_portal.event_contract (event_name, event_version, tmf_api, tmf_resource, source_table, event_type, event_key_strategy, payload_basis, consumer_notes) VALUES ('developer_api_portal.test_case_result.deleted', 'v1', 'TMF707', 'testCaseResult', 'developer_api_portal.developer_organization', 'deleted', 'tenant_id + canonical_id + version', 'typed columns + tmf_payload snapshot', 'Register concrete consumers during integration design') ON CONFLICT (event_name, event_version) DO UPDATE SET source_table = EXCLUDED.source_table, payload_basis = EXCLUDED.payload_basis, updated_at = now();
INSERT INTO developer_api_portal.tmf_api_resource_map (tmf_api, tmf_resource, resource_path, anchor_table, field_strategy, local_spec_path, promoted_fields) VALUES ('TMF707', 'testSuiteResult', '/testSuiteResult', 'developer_organization', 'Promote common TMF lifecycle/reference fields; store remaining validated resource fields in tmf_payload and characteristics tables.', 'references/tmforum-open-apis/openapi-specs/TMF707_TestResult/TMF707_Test_Result_Management_API_v4.0.0_swagger.json', '["id", "href", "testExecution", "testSuiteResultDefinition", "@baseType", "@schemaLocation", "@type"]'::jsonb) ON CONFLICT (tmf_api, tmf_resource, anchor_table) DO UPDATE SET field_strategy = EXCLUDED.field_strategy, local_spec_path = EXCLUDED.local_spec_path, promoted_fields = EXCLUDED.promoted_fields, updated_at = now();
INSERT INTO developer_api_portal.event_contract (event_name, event_version, tmf_api, tmf_resource, source_table, event_type, event_key_strategy, payload_basis, consumer_notes) VALUES ('developer_api_portal.test_suite_result.created', 'v1', 'TMF707', 'testSuiteResult', 'developer_api_portal.developer_organization', 'created', 'tenant_id + canonical_id + version', 'typed columns + tmf_payload snapshot', 'Register concrete consumers during integration design') ON CONFLICT (event_name, event_version) DO UPDATE SET source_table = EXCLUDED.source_table, payload_basis = EXCLUDED.payload_basis, updated_at = now();
INSERT INTO developer_api_portal.event_contract (event_name, event_version, tmf_api, tmf_resource, source_table, event_type, event_key_strategy, payload_basis, consumer_notes) VALUES ('developer_api_portal.test_suite_result.updated', 'v1', 'TMF707', 'testSuiteResult', 'developer_api_portal.developer_organization', 'updated', 'tenant_id + canonical_id + version', 'typed columns + tmf_payload snapshot', 'Register concrete consumers during integration design') ON CONFLICT (event_name, event_version) DO UPDATE SET source_table = EXCLUDED.source_table, payload_basis = EXCLUDED.payload_basis, updated_at = now();
INSERT INTO developer_api_portal.event_contract (event_name, event_version, tmf_api, tmf_resource, source_table, event_type, event_key_strategy, payload_basis, consumer_notes) VALUES ('developer_api_portal.test_suite_result.stateChanged', 'v1', 'TMF707', 'testSuiteResult', 'developer_api_portal.developer_organization', 'stateChanged', 'tenant_id + canonical_id + version', 'typed columns + tmf_payload snapshot', 'Register concrete consumers during integration design') ON CONFLICT (event_name, event_version) DO UPDATE SET source_table = EXCLUDED.source_table, payload_basis = EXCLUDED.payload_basis, updated_at = now();
INSERT INTO developer_api_portal.event_contract (event_name, event_version, tmf_api, tmf_resource, source_table, event_type, event_key_strategy, payload_basis, consumer_notes) VALUES ('developer_api_portal.test_suite_result.deleted', 'v1', 'TMF707', 'testSuiteResult', 'developer_api_portal.developer_organization', 'deleted', 'tenant_id + canonical_id + version', 'typed columns + tmf_payload snapshot', 'Register concrete consumers during integration design') ON CONFLICT (event_name, event_version) DO UPDATE SET source_table = EXCLUDED.source_table, payload_basis = EXCLUDED.payload_basis, updated_at = now();
INSERT INTO developer_api_portal.tmf_api_resource_map (tmf_api, tmf_resource, resource_path, anchor_table, field_strategy, local_spec_path, promoted_fields) VALUES ('TMF710', 'generalTestArtifact', '/generalTestArtifact', 'developer_organization', 'Promote common TMF lifecycle/reference fields; store remaining validated resource fields in tmf_payload and characteristics tables.', 'references/tmforum-open-apis/openapi-specs/TMF710_GeneralTestArtifact/TMF710_General_Test_Artifact_Management_API_v4.0.0_swagger.json', '["id", "href", "description", "version", "versionDescription", "agreement", "attribute", "generalArtifactDefinition", "relatedParty", "state", "@baseType", "@schemaLocation", "@type"]'::jsonb) ON CONFLICT (tmf_api, tmf_resource, anchor_table) DO UPDATE SET field_strategy = EXCLUDED.field_strategy, local_spec_path = EXCLUDED.local_spec_path, promoted_fields = EXCLUDED.promoted_fields, updated_at = now();
INSERT INTO developer_api_portal.event_contract (event_name, event_version, tmf_api, tmf_resource, source_table, event_type, event_key_strategy, payload_basis, consumer_notes) VALUES ('developer_api_portal.general_test_artifact.created', 'v1', 'TMF710', 'generalTestArtifact', 'developer_api_portal.developer_organization', 'created', 'tenant_id + canonical_id + version', 'typed columns + tmf_payload snapshot', 'Register concrete consumers during integration design') ON CONFLICT (event_name, event_version) DO UPDATE SET source_table = EXCLUDED.source_table, payload_basis = EXCLUDED.payload_basis, updated_at = now();
INSERT INTO developer_api_portal.event_contract (event_name, event_version, tmf_api, tmf_resource, source_table, event_type, event_key_strategy, payload_basis, consumer_notes) VALUES ('developer_api_portal.general_test_artifact.updated', 'v1', 'TMF710', 'generalTestArtifact', 'developer_api_portal.developer_organization', 'updated', 'tenant_id + canonical_id + version', 'typed columns + tmf_payload snapshot', 'Register concrete consumers during integration design') ON CONFLICT (event_name, event_version) DO UPDATE SET source_table = EXCLUDED.source_table, payload_basis = EXCLUDED.payload_basis, updated_at = now();
INSERT INTO developer_api_portal.event_contract (event_name, event_version, tmf_api, tmf_resource, source_table, event_type, event_key_strategy, payload_basis, consumer_notes) VALUES ('developer_api_portal.general_test_artifact.stateChanged', 'v1', 'TMF710', 'generalTestArtifact', 'developer_api_portal.developer_organization', 'stateChanged', 'tenant_id + canonical_id + version', 'typed columns + tmf_payload snapshot', 'Register concrete consumers during integration design') ON CONFLICT (event_name, event_version) DO UPDATE SET source_table = EXCLUDED.source_table, payload_basis = EXCLUDED.payload_basis, updated_at = now();
INSERT INTO developer_api_portal.event_contract (event_name, event_version, tmf_api, tmf_resource, source_table, event_type, event_key_strategy, payload_basis, consumer_notes) VALUES ('developer_api_portal.general_test_artifact.deleted', 'v1', 'TMF710', 'generalTestArtifact', 'developer_api_portal.developer_organization', 'deleted', 'tenant_id + canonical_id + version', 'typed columns + tmf_payload snapshot', 'Register concrete consumers during integration design') ON CONFLICT (event_name, event_version) DO UPDATE SET source_table = EXCLUDED.source_table, payload_basis = EXCLUDED.payload_basis, updated_at = now();

INSERT INTO developer_api_portal.privacy_retention_policy (table_name, data_domain, data_classification, retention_class, retention_basis, default_retention_days, legal_hold_supported, residency_rule, masking_policy, audit_level) VALUES ('developer_api_portal.developer_organization', 'developer_api_portal', 'internal', 'domain_lifecycle', 'Suite data model and TMF API baseline review', 1095, true, 'Keep operational data in the suite deployment region unless a release-specific residency rule overrides it.', 'Apply tenant isolation and redact source identifiers in shared read models.', 'standard') ON CONFLICT (table_name) DO UPDATE SET data_classification = EXCLUDED.data_classification, retention_class = EXCLUDED.retention_class, masking_policy = EXCLUDED.masking_policy, audit_level = EXCLUDED.audit_level, updated_at = now();
INSERT INTO developer_api_portal.privacy_retention_policy (table_name, data_domain, data_classification, retention_class, retention_basis, default_retention_days, legal_hold_supported, residency_rule, masking_policy, audit_level) VALUES ('developer_api_portal.developer_application', 'developer_api_portal', 'internal', 'domain_lifecycle', 'Suite data model and TMF API baseline review', 1095, true, 'Keep operational data in the suite deployment region unless a release-specific residency rule overrides it.', 'Apply tenant isolation and redact source identifiers in shared read models.', 'standard') ON CONFLICT (table_name) DO UPDATE SET data_classification = EXCLUDED.data_classification, retention_class = EXCLUDED.retention_class, masking_policy = EXCLUDED.masking_policy, audit_level = EXCLUDED.audit_level, updated_at = now();
INSERT INTO developer_api_portal.privacy_retention_policy (table_name, data_domain, data_classification, retention_class, retention_basis, default_retention_days, legal_hold_supported, residency_rule, masking_policy, audit_level) VALUES ('developer_api_portal.api_product_publication_metadata', 'developer_api_portal', 'internal', 'domain_lifecycle', 'Suite data model and TMF API baseline review', 1095, true, 'Keep operational data in the suite deployment region unless a release-specific residency rule overrides it.', 'Apply tenant isolation and redact source identifiers in shared read models.', 'standard') ON CONFLICT (table_name) DO UPDATE SET data_classification = EXCLUDED.data_classification, retention_class = EXCLUDED.retention_class, masking_policy = EXCLUDED.masking_policy, audit_level = EXCLUDED.audit_level, updated_at = now();
INSERT INTO developer_api_portal.privacy_retention_policy (table_name, data_domain, data_classification, retention_class, retention_basis, default_retention_days, legal_hold_supported, residency_rule, masking_policy, audit_level) VALUES ('developer_api_portal.api_subscription', 'developer_api_portal', 'internal', 'domain_lifecycle', 'Suite data model and TMF API baseline review', 1095, true, 'Keep operational data in the suite deployment region unless a release-specific residency rule overrides it.', 'Apply tenant isolation and redact source identifiers in shared read models.', 'standard') ON CONFLICT (table_name) DO UPDATE SET data_classification = EXCLUDED.data_classification, retention_class = EXCLUDED.retention_class, masking_policy = EXCLUDED.masking_policy, audit_level = EXCLUDED.audit_level, updated_at = now();
INSERT INTO developer_api_portal.privacy_retention_policy (table_name, data_domain, data_classification, retention_class, retention_basis, default_retention_days, legal_hold_supported, residency_rule, masking_policy, audit_level) VALUES ('developer_api_portal.credential_request_reference', 'developer_api_portal', 'restricted', 'regulated_lifecycle', 'Suite data model and TMF API baseline review', 2555, true, 'Keep operational data in the suite deployment region unless a release-specific residency rule overrides it.', 'Mask direct identifiers, secrets, payment details, and sensitive evidence outside privileged roles.', 'high') ON CONFLICT (table_name) DO UPDATE SET data_classification = EXCLUDED.data_classification, retention_class = EXCLUDED.retention_class, masking_policy = EXCLUDED.masking_policy, audit_level = EXCLUDED.audit_level, updated_at = now();
INSERT INTO developer_api_portal.privacy_retention_policy (table_name, data_domain, data_classification, retention_class, retention_basis, default_retention_days, legal_hold_supported, residency_rule, masking_policy, audit_level) VALUES ('developer_api_portal.sandbox_mock_scenario', 'developer_api_portal', 'internal', 'domain_lifecycle', 'Suite data model and TMF API baseline review', 1095, true, 'Keep operational data in the suite deployment region unless a release-specific residency rule overrides it.', 'Apply tenant isolation and redact source identifiers in shared read models.', 'standard') ON CONFLICT (table_name) DO UPDATE SET data_classification = EXCLUDED.data_classification, retention_class = EXCLUDED.retention_class, masking_policy = EXCLUDED.masking_policy, audit_level = EXCLUDED.audit_level, updated_at = now();
INSERT INTO developer_api_portal.privacy_retention_policy (table_name, data_domain, data_classification, retention_class, retention_basis, default_retention_days, legal_hold_supported, residency_rule, masking_policy, audit_level) VALUES ('developer_api_portal.portal_api_analytics_summary', 'developer_api_portal', 'internal', 'operational_telemetry', 'Suite data model and TMF API baseline review', 730, true, 'Keep operational data in the suite deployment region unless a release-specific residency rule overrides it.', 'Aggregate or pseudonymize identifiers before analytics distribution.', 'standard') ON CONFLICT (table_name) DO UPDATE SET data_classification = EXCLUDED.data_classification, retention_class = EXCLUDED.retention_class, masking_policy = EXCLUDED.masking_policy, audit_level = EXCLUDED.audit_level, updated_at = now();
INSERT INTO developer_api_portal.privacy_retention_policy (table_name, data_domain, data_classification, retention_class, retention_basis, default_retention_days, legal_hold_supported, residency_rule, masking_policy, audit_level) VALUES ('developer_api_portal.certification_state', 'developer_api_portal', 'internal', 'domain_lifecycle', 'Suite data model and TMF API baseline review', 1095, true, 'Keep operational data in the suite deployment region unless a release-specific residency rule overrides it.', 'Apply tenant isolation and redact source identifiers in shared read models.', 'standard') ON CONFLICT (table_name) DO UPDATE SET data_classification = EXCLUDED.data_classification, retention_class = EXCLUDED.retention_class, masking_policy = EXCLUDED.masking_policy, audit_level = EXCLUDED.audit_level, updated_at = now();
INSERT INTO developer_api_portal.privacy_retention_policy (table_name, data_domain, data_classification, retention_class, retention_basis, default_retention_days, legal_hold_supported, residency_rule, masking_policy, audit_level) VALUES ('developer_api_portal.event_outbox', 'developer_api_portal', 'internal', 'operational_telemetry', 'Suite data model and TMF API baseline review', 730, true, 'Keep operational data in the suite deployment region unless a release-specific residency rule overrides it.', 'Aggregate or pseudonymize identifiers before analytics distribution.', 'standard') ON CONFLICT (table_name) DO UPDATE SET data_classification = EXCLUDED.data_classification, retention_class = EXCLUDED.retention_class, masking_policy = EXCLUDED.masking_policy, audit_level = EXCLUDED.audit_level, updated_at = now();

COMMIT;
